Date,Sensor ID,Location,Latitude,Longitude,CO2,PM2.5,PM10,O3,NO2,AQI,AQI Level,Temperature,Humidity,Soil Moisture,Soil Moisture Category,pH,Turbidity
2026-03-01,SN-001,Batangas,13.77241,121.02809,1422.75,234.39,245.61,23.85,23.44,131,Unhealthy for Sensitive Groups,24.03,41.59,55.62,Wet,7.34,10.88
2026-03-01,SN-002,Metro Manila,14.56538,120.92161,2823.25,135.25,17.89,56.28,52.58,65,Moderate,33.42,47.51,50.08,Wet,6.81,57.26
2026-03-01,SN-003,Pampanga,15.1761,120.59747,2837.28,98.61,264.33,60.24,21.72,111,Unhealthy for Sensitive Groups,21.42,82.76,14.79,Dry,7.94,58.04
2026-03-01,SN-004,Bulacan,14.84333,120.84052,3284.93,245.55,275.24,155.92,91.85,192,Unhealthy,31.97,52.07,29.27,Optimal,6.64,33.19
2026-03-01,SN-005,Pampanga,15.16884,120.55406,2428.24,226.58,281.83,30.59,57.66,149,Unhealthy for Sensitive Groups,26.86,69.71,30.61,Optimal,6.87,18.19
2026-03-01,SN-006,Pampanga,15.15867,120.53867,2793.75,107.35,171.04,41.43,103.36,105,Unhealthy for Sensitive Groups,39.91,91.37,10.41,Dry,7.95,99.5
2026-03-01,SN-007,Pampanga,15.16475,120.66711,2563.1,221.98,278.9,49.73,83.91,158,Unhealthy,34.78,71.8,22.17,Optimal,6.11,97.97
2026-03-01,SN-008,Leyte,11.04576,124.75037,3904.92,228.93,17.26,116.53,17.98,95,Moderate,39.36,81.53,8.02,Dry,8.35,78.49
2026-03-01,SN-009,Leyte,10.9368,124.89435,2087.87,174.94,111.73,94.83,127.19,127,Unhealthy for Sensitive Groups,36.15,51.02,27.61,Optimal,6.55,8.75
2026-03-01,SN-010,Cebu,10.28412,123.80402,1319.57,209.97,256.12,44.87,64.73,143,Unhealthy for Sensitive Groups,24.1,84.19,7.07,Dry,8.07,5.39
2026-03-01,SN-011,Iloilo,10.63519,122.61273,3969.19,46.34,235.12,33.96,4.24,79,Moderate,32.68,75.61,42.55,Wet,6.31,15.23
2026-03-01,SN-012,Cebu,10.34147,123.88109,839.61,94.56,21.27,134.12,121.62,92,Moderate,35.15,46.81,56.09,Wet,7.67,72.1
2026-03-01,SN-013,Leyte,11.04218,124.81838,3511.77,218.59,234.52,45.24,47.3,136,Unhealthy for Sensitive Groups,37.33,53.98,29.65,Optimal,6.49,15.59
2026-03-01,SN-014,Iloilo,10.65425,122.63047,1006.48,190.22,192.16,21.17,86.45,122,Unhealthy for Sensitive Groups,21.33,89.36,54.52,Wet,7.24,45.98
2026-03-01,SN-015,Misamis Oriental,8.42668,124.57912,1855.45,242.02,28.64,169.17,145.09,146,Unhealthy for Sensitive Groups,38.18,46.19,27.17,Optimal,6.61,88.51
2026-03-01,SN-016,Davao del Sur,7.15227,125.47642,1313.66,54.0,9.99,182.96,120.54,91,Moderate,21.13,51.97,28.32,Optimal,6.22,15.78
2026-03-01,SN-017,Zamboanga del Sur,7.86636,123.42655,2204.32,64.21,207.76,36.34,149.99,114,Unhealthy for Sensitive Groups,22.83,44.8,42.92,Wet,6.39,71.91
2026-03-01,SN-018,Misamis Oriental,8.50377,124.61878,685.27,136.98,267.62,92.08,57.7,138,Unhealthy for Sensitive Groups,20.47,82.64,17.86,Dry,6.32,45.62
2026-03-01,SN-019,Davao del Sur,7.28627,125.36913,4353.77,65.39,190.79,2.18,48.02,76,Moderate,31.6,63.91,45.8,Wet,7.58,25.69
2026-03-01,SN-020,Davao del Sur,7.27648,125.39227,2966.89,48.4,125.63,98.86,145.87,104,Unhealthy for Sensitive Groups,33.31,71.16,50.68,Wet,8.02,27.19
2026-03-02,SN-001,Batangas,13.77241,121.02809,4470.52,246.09,127.24,6.89,139.35,129,Unhealthy for Sensitive Groups,32.12,67.27,47.73,Wet,7.96,1.53
2026-03-02,SN-002,Metro Manila,14.56538,120.92161,3195.03,9.33,159.53,162.65,86.6,104,Unhealthy for Sensitive Groups,38.15,75.41,30.32,Optimal,6.94,16.09
2026-03-02,SN-003,Pampanga,15.1761,120.59747,1301.62,49.45,290.1,126.55,37.08,125,Unhealthy for Sensitive Groups,32.95,50.69,31.37,Optimal,6.19,84.46
2026-03-02,SN-004,Bulacan,14.84333,120.84052,998.42,7.9,94.69,180.82,118.39,100,Moderate,20.42,93.97,6.31,Dry,7.64,73.68
2026-03-02,SN-005,Pampanga,15.16884,120.55406,3798.47,249.28,220.77,131.5,94.85,174,Unhealthy,37.11,98.85,7.0,Dry,6.29,76.13
2026-03-02,SN-006,Pampanga,15.15867,120.53867,4991.46,27.42,272.7,100.24,35.68,109,Unhealthy for Sensitive Groups,36.6,63.39,35.01,Optimal,6.56,8.45
2026-03-02,SN-007,Pampanga,15.16475,120.66711,3078.71,199.12,57.71,42.42,117.6,104,Unhealthy for Sensitive Groups,22.18,95.24,13.45,Dry,7.16,36.71
2026-03-02,SN-008,Leyte,11.04576,124.75037,1860.15,203.84,114.69,193.85,59.68,143,Unhealthy for Sensitive Groups,34.36,41.73,5.81,Dry,7.63,81.52
2026-03-02,SN-009,Leyte,10.9368,124.89435,4924.16,176.86,259.71,83.25,79.65,149,Unhealthy for Sensitive Groups,38.96,46.91,58.67,Wet,7.54,90.28
2026-03-02,SN-010,Cebu,10.28412,123.80402,4175.12,229.89,37.4,94.14,74.06,108,Unhealthy for Sensitive Groups,37.97,48.71,43.61,Wet,6.97,39.38
2026-03-02,SN-011,Iloilo,10.63519,122.61273,3892.11,39.95,218.37,30.19,73.44,90,Moderate,35.59,50.21,25.41,Optimal,7.19,84.95
2026-03-02,SN-012,Cebu,10.34147,123.88109,2602.64,97.43,166.35,76.73,77.45,104,Unhealthy for Sensitive Groups,27.49,93.09,33.7,Optimal,6.06,20.48
2026-03-02,SN-013,Leyte,11.04218,124.81838,404.8,2.13,164.54,37.93,87.37,72,Moderate,24.77,68.66,6.54,Dry,7.45,81.35
2026-03-02,SN-014,Iloilo,10.65425,122.63047,4682.54,102.34,128.9,146.25,97.57,118,Unhealthy for Sensitive Groups,23.86,67.07,13.93,Dry,6.15,2.95
2026-03-02,SN-015,Misamis Oriental,8.42668,124.57912,4372.86,46.39,1.09,100.43,24.58,43,Good,26.99,92.14,12.88,Dry,7.68,97.04
2026-03-02,SN-016,Davao del Sur,7.15227,125.47642,1286.85,159.62,231.01,128.55,132.24,162,Unhealthy,28.9,99.44,56.79,Wet,6.15,37.2
2026-03-02,SN-017,Zamboanga del Sur,7.86636,123.42655,1728.52,236.11,220.66,127.51,105.73,172,Unhealthy,26.17,53.57,16.13,Dry,8.0,1.17
2026-03-02,SN-018,Misamis Oriental,8.50377,124.61878,2344.1,162.77,250.26,36.91,66.01,128,Unhealthy for Sensitive Groups,28.81,56.54,53.07,Wet,6.32,98.4
2026-03-02,SN-019,Davao del Sur,7.28627,125.36913,1102.63,156.02,47.55,16.22,98.07,79,Moderate,23.67,57.16,14.21,Dry,6.05,24.43
2026-03-02,SN-020,Davao del Sur,7.27648,125.39227,3939.39,233.3,21.14,136.07,27.13,104,Unhealthy for Sensitive Groups,37.25,91.57,59.77,Wet,7.43,43.17
2026-03-03,SN-001,Batangas,13.77241,121.02809,4743.19,249.38,9.66,163.17,109.87,133,Unhealthy for Sensitive Groups,20.43,63.28,41.55,Wet,6.54,93.07
2026-03-03,SN-002,Metro Manila,14.56538,120.92161,1689.46,213.54,272.58,19.45,31.01,134,Unhealthy for Sensitive Groups,30.6,69.61,38.91,Optimal,7.0,94.8
2026-03-03,SN-003,Pampanga,15.1761,120.59747,2332.47,6.1,246.62,171.11,53.3,119,Unhealthy for Sensitive Groups,27.77,48.69,26.95,Optimal,6.46,54.49
2026-03-03,SN-004,Bulacan,14.84333,120.84052,3523.31,193.38,65.73,48.34,79.58,96,Moderate,21.85,78.48,32.56,Optimal,7.65,33.94
2026-03-03,SN-005,Pampanga,15.16884,120.55406,1864.88,202.08,2.32,16.1,29.62,62,Moderate,37.92,75.71,39.16,Optimal,8.05,49.32
2026-03-03,SN-006,Pampanga,15.15867,120.53867,4061.96,181.81,130.69,34.4,80.87,106,Unhealthy for Sensitive Groups,26.5,43.4,48.97,Wet,6.03,9.25
2026-03-03,SN-007,Pampanga,15.16475,120.66711,2335.55,123.79,286.55,188.23,47.05,161,Unhealthy,21.96,76.02,25.24,Optimal,7.48,86.16
2026-03-03,SN-008,Leyte,11.04576,124.75037,3731.77,82.01,249.36,193.06,52.68,144,Unhealthy for Sensitive Groups,28.98,50.67,10.17,Dry,8.31,63.69
2026-03-03,SN-009,Leyte,10.9368,124.89435,3961.6,2.85,27.22,186.75,125.78,85,Moderate,29.0,43.58,34.31,Optimal,7.72,42.45
2026-03-03,SN-010,Cebu,10.28412,123.80402,3039.06,58.06,56.93,179.07,130.84,106,Unhealthy for Sensitive Groups,21.75,58.77,23.71,Optimal,6.53,81.2
2026-03-03,SN-011,Iloilo,10.63519,122.61273,4173.79,88.36,253.71,150.99,98.27,147,Unhealthy for Sensitive Groups,29.77,93.5,23.71,Optimal,7.35,61.11
2026-03-03,SN-012,Cebu,10.34147,123.88109,4645.86,206.49,89.98,42.14,47.87,96,Moderate,26.97,79.41,37.32,Optimal,7.06,81.02
2026-03-03,SN-013,Leyte,11.04218,124.81838,3358.39,102.5,158.61,91.65,99.17,112,Unhealthy for Sensitive Groups,34.29,43.57,7.65,Dry,8.33,99.64
2026-03-03,SN-014,Iloilo,10.65425,122.63047,3365.32,162.41,271.95,120.79,4.58,139,Unhealthy for Sensitive Groups,37.07,96.35,59.3,Wet,7.74,29.49
2026-03-03,SN-015,Misamis Oriental,8.42668,124.57912,556.42,115.12,208.73,6.75,36.57,91,Moderate,30.49,48.93,48.43,Wet,8.14,27.02
2026-03-03,SN-016,Davao del Sur,7.15227,125.47642,685.08,145.75,146.5,120.35,146.03,139,Unhealthy for Sensitive Groups,34.83,65.94,12.13,Dry,7.42,4.58
2026-03-03,SN-017,Zamboanga del Sur,7.86636,123.42655,4802.51,54.89,56.03,168.88,36.43,79,Moderate,35.0,71.94,40.95,Wet,6.84,23.26
2026-03-03,SN-018,Misamis Oriental,8.50377,124.61878,752.32,170.0,136.71,151.68,80.15,134,Unhealthy for Sensitive Groups,25.7,71.7,49.46,Wet,6.83,83.16
2026-03-03,SN-019,Davao del Sur,7.28627,125.36913,3568.85,220.19,236.57,89.08,105.46,162,Unhealthy,37.26,97.36,19.37,Dry,6.62,72.24
2026-03-03,SN-020,Davao del Sur,7.27648,125.39227,918.58,6.82,77.98,54.16,132.3,67,Moderate,32.76,62.86,6.31,Dry,6.55,91.59
2026-03-04,SN-001,Batangas,13.77241,121.02809,4072.42,119.76,28.85,125.79,149.6,106,Unhealthy for Sensitive Groups,24.0,69.01,33.48,Optimal,6.73,70.81
2026-03-04,SN-002,Metro Manila,14.56538,120.92161,3767.97,118.33,127.32,195.91,64.8,126,Unhealthy for Sensitive Groups,22.8,57.02,26.24,Optimal,7.51,69.91
2026-03-04,SN-003,Pampanga,15.1761,120.59747,4105.18,135.37,232.4,53.45,51.63,118,Unhealthy for Sensitive Groups,38.13,52.44,5.11,Dry,7.37,28.4
2026-03-04,SN-004,Bulacan,14.84333,120.84052,4662.61,142.44,79.32,109.47,58.84,97,Moderate,28.11,45.44,53.07,Wet,7.99,29.5
2026-03-04,SN-005,Pampanga,15.16884,120.55406,1661.91,47.42,72.71,166.62,87.44,93,Moderate,24.37,92.02,43.19,Wet,7.73,71.34
2026-03-04,SN-006,Pampanga,15.15867,120.53867,2004.94,89.21,158.29,130.91,10.15,97,Moderate,35.4,64.73,43.03,Wet,8.24,75.47
2026-03-04,SN-007,Pampanga,15.16475,120.66711,3735.2,110.8,215.84,135.66,124.99,146,Unhealthy for Sensitive Groups,33.52,50.73,14.48,Dry,7.78,60.23
2026-03-04,SN-008,Leyte,11.04576,124.75037,4619.93,227.53,280.14,7.39,46.04,140,Unhealthy for Sensitive Groups,20.85,68.82,45.33,Wet,8.39,21.51
2026-03-04,SN-009,Leyte,10.9368,124.89435,2083.32,82.99,14.54,31.52,103.36,58,Moderate,32.08,67.96,21.99,Optimal,7.66,86.7
2026-03-04,SN-010,Cebu,10.28412,123.80402,1574.93,250.0,97.63,125.98,44.03,129,Unhealthy for Sensitive Groups,31.08,90.57,15.41,Dry,6.82,6.67
2026-03-04,SN-011,Iloilo,10.63519,122.61273,1118.53,115.03,112.34,129.48,146.74,125,Unhealthy for Sensitive Groups,34.96,62.24,24.23,Optimal,8.42,38.67
2026-03-04,SN-012,Cebu,10.34147,123.88109,3410.16,36.45,296.77,111.58,77.33,130,Unhealthy for Sensitive Groups,22.52,76.26,59.53,Wet,7.9,87.15
2026-03-04,SN-013,Leyte,11.04218,124.81838,3957.09,203.47,127.84,71.42,80.69,120,Unhealthy for Sensitive Groups,38.09,93.62,37.58,Optimal,8.25,88.48
2026-03-04,SN-014,Iloilo,10.65425,122.63047,2570.48,146.19,135.91,74.31,22.78,94,Moderate,29.63,50.34,43.91,Wet,7.36,3.82
2026-03-04,SN-015,Misamis Oriental,8.42668,124.57912,4956.51,125.16,292.07,50.22,139.4,151,Unhealthy,35.33,50.91,49.55,Wet,7.42,25.6
2026-03-04,SN-016,Davao del Sur,7.15227,125.47642,4152.74,0.25,110.66,172.22,62.25,86,Moderate,23.26,62.02,5.75,Dry,7.84,36.14
2026-03-04,SN-017,Zamboanga del Sur,7.86636,123.42655,3258.1,212.64,197.35,18.22,60.34,122,Unhealthy for Sensitive Groups,24.71,53.44,35.87,Optimal,7.67,40.73
2026-03-04,SN-018,Misamis Oriental,8.50377,124.61878,972.34,20.29,91.8,164.95,29.76,76,Moderate,20.15,69.54,36.4,Optimal,6.29,69.7
2026-03-04,SN-019,Davao del Sur,7.28627,125.36913,4825.29,130.16,2.19,115.96,62.82,77,Moderate,36.57,99.71,15.34,Dry,8.13,36.33
2026-03-04,SN-020,Davao del Sur,7.27648,125.39227,4252.64,93.58,260.2,16.56,129.0,124,Unhealthy for Sensitive Groups,36.64,43.38,19.02,Dry,6.08,46.28
2026-03-05,SN-001,Batangas,13.77241,121.02809,1532.45,90.81,138.74,182.66,71.35,120,Unhealthy for Sensitive Groups,30.98,68.08,43.2,Wet,7.29,92.12
2026-03-05,SN-002,Metro Manila,14.56538,120.92161,4005.06,92.12,104.66,193.12,114.37,126,Unhealthy for Sensitive Groups,24.56,88.59,36.93,Optimal,7.83,69.78
2026-03-05,SN-003,Pampanga,15.1761,120.59747,1988.68,80.95,289.64,164.43,120.48,163,Unhealthy,31.72,99.14,17.5,Dry,7.75,7.16
2026-03-05,SN-004,Bulacan,14.84333,120.84052,505.93,88.01,158.76,96.02,45.64,97,Moderate,35.41,93.74,6.04,Dry,6.13,28.92
2026-03-05,SN-005,Pampanga,15.16884,120.55406,3630.86,208.51,164.88,195.19,75.92,161,Unhealthy,24.67,47.23,15.57,Dry,6.12,36.03
2026-03-05,SN-006,Pampanga,15.15867,120.53867,4993.31,146.12,280.54,123.61,100.09,162,Unhealthy,29.23,78.42,5.25,Dry,6.49,99.11
2026-03-05,SN-007,Pampanga,15.16475,120.66711,3898.96,144.25,247.76,4.22,48.4,111,Unhealthy for Sensitive Groups,37.79,93.83,27.87,Optimal,7.7,88.54
2026-03-05,SN-008,Leyte,11.04576,124.75037,2195.21,147.04,116.31,93.03,103.65,115,Unhealthy for Sensitive Groups,35.33,40.69,10.77,Dry,7.68,85.73
2026-03-05,SN-009,Leyte,10.9368,124.89435,2027.63,170.14,99.73,27.62,2.67,75,Moderate,36.86,59.61,20.39,Optimal,6.73,5.8
2026-03-05,SN-010,Cebu,10.28412,123.80402,4314.1,193.49,68.87,46.78,55.97,91,Moderate,32.61,95.0,13.66,Dry,6.26,33.59
2026-03-05,SN-011,Iloilo,10.63519,122.61273,4932.32,134.41,98.01,70.07,62.8,91,Moderate,33.49,88.54,21.44,Optimal,6.35,90.62
2026-03-05,SN-012,Cebu,10.34147,123.88109,4410.08,26.94,81.75,37.41,13.69,39,Good,26.62,59.85,14.04,Dry,6.26,63.53
2026-03-05,SN-013,Leyte,11.04218,124.81838,3764.92,78.4,248.03,36.91,95.32,114,Unhealthy for Sensitive Groups,36.62,59.58,44.61,Wet,6.33,87.27
2026-03-05,SN-014,Iloilo,10.65425,122.63047,4161.57,21.34,87.0,153.75,79.55,85,Moderate,32.07,62.18,25.24,Optimal,7.95,15.22
2026-03-05,SN-015,Misamis Oriental,8.42668,124.57912,3125.46,99.44,128.75,154.83,14.41,99,Moderate,21.74,57.64,16.13,Dry,8.19,88.86
2026-03-05,SN-016,Davao del Sur,7.15227,125.47642,1698.32,221.96,215.39,98.37,91.04,156,Unhealthy,29.79,69.48,43.38,Wet,6.14,5.5
2026-03-05,SN-017,Zamboanga del Sur,7.86636,123.42655,1874.65,73.45,269.95,141.77,62.55,136,Unhealthy for Sensitive Groups,35.31,55.67,54.3,Wet,7.52,27.16
2026-03-05,SN-018,Misamis Oriental,8.50377,124.61878,569.47,87.34,99.15,181.97,125.38,123,Unhealthy for Sensitive Groups,26.83,73.77,30.28,Optimal,7.55,58.16
2026-03-05,SN-019,Davao del Sur,7.28627,125.36913,3807.17,55.76,92.22,80.31,73.91,75,Moderate,26.43,97.25,47.3,Wet,7.54,78.21
2026-03-05,SN-020,Davao del Sur,7.27648,125.39227,569.61,175.13,118.28,6.36,90.64,97,Moderate,33.99,75.45,20.46,Optimal,6.89,24.78
2026-03-06,SN-001,Batangas,13.77241,121.02809,1395.4,40.83,86.64,32.0,31.45,47,Good,29.79,46.49,57.15,Wet,6.78,73.75
2026-03-06,SN-002,Metro Manila,14.56538,120.92161,4161.35,23.22,140.83,97.59,24.82,71,Moderate,21.39,70.89,19.93,Dry,6.39,68.89
2026-03-06,SN-003,Pampanga,15.1761,120.59747,1968.57,36.62,44.82,126.62,137.57,86,Moderate,27.58,52.5,35.26,Optimal,6.43,63.47
2026-03-06,SN-004,Bulacan,14.84333,120.84052,2145.65,49.23,263.28,147.92,39.45,124,Unhealthy for Sensitive Groups,32.32,75.65,27.77,Optimal,7.08,89.02
2026-03-06,SN-005,Pampanga,15.16884,120.55406,1924.72,21.92,271.78,81.87,52.9,107,Unhealthy for Sensitive Groups,33.75,58.04,21.56,Optimal,6.86,6.42
2026-03-06,SN-006,Pampanga,15.15867,120.53867,4296.82,101.26,257.8,57.37,85.63,125,Unhealthy for Sensitive Groups,23.53,60.29,18.51,Dry,6.2,54.33
2026-03-06,SN-007,Pampanga,15.16475,120.66711,1293.05,149.98,25.16,102.65,34.67,78,Moderate,38.9,56.32,21.98,Optimal,8.32,58.74
2026-03-06,SN-008,Leyte,11.04576,124.75037,3143.62,133.93,179.09,28.56,89.69,107,Unhealthy for Sensitive Groups,30.83,83.78,51.4,Wet,8.08,46.02
2026-03-06,SN-009,Leyte,10.9368,124.89435,4635.52,156.92,228.03,27.94,142.37,138,Unhealthy for Sensitive Groups,20.95,45.07,27.05,Optimal,8.45,41.98
2026-03-06,SN-010,Cebu,10.28412,123.80402,4640.36,178.56,21.32,145.23,97.88,110,Unhealthy for Sensitive Groups,21.85,94.97,55.45,Wet,8.33,7.81
2026-03-06,SN-011,Iloilo,10.63519,122.61273,2311.67,228.08,82.76,84.54,19.59,103,Unhealthy for Sensitive Groups,23.06,47.09,22.95,Optimal,7.39,90.51
2026-03-06,SN-012,Cebu,10.34147,123.88109,1055.28,76.79,231.16,95.77,138.97,135,Unhealthy for Sensitive Groups,33.7,88.82,29.26,Optimal,7.76,5.18
2026-03-06,SN-013,Leyte,11.04218,124.81838,1480.89,129.05,272.44,190.9,95.55,171,Unhealthy,31.26,53.31,40.87,Wet,8.27,13.57
2026-03-06,SN-014,Iloilo,10.65425,122.63047,1630.0,178.55,172.45,175.08,11.13,134,Unhealthy for Sensitive Groups,36.15,65.71,29.3,Optimal,6.66,97.14
2026-03-06,SN-015,Misamis Oriental,8.42668,124.57912,2328.16,53.74,74.36,137.74,91.47,89,Moderate,34.71,48.16,29.69,Optimal,7.14,0.85
2026-03-06,SN-016,Davao del Sur,7.15227,125.47642,1232.2,232.72,210.84,61.73,87.88,148,Unhealthy for Sensitive Groups,32.99,98.31,14.38,Dry,6.34,18.47
2026-03-06,SN-017,Zamboanga del Sur,7.86636,123.42655,2952.47,64.77,253.38,11.05,124.05,113,Unhealthy for Sensitive Groups,32.6,44.19,24.07,Optimal,7.05,81.57
2026-03-06,SN-018,Misamis Oriental,8.50377,124.61878,3702.6,120.34,52.3,131.88,52.22,89,Moderate,33.26,42.0,54.1,Wet,6.39,40.41
2026-03-06,SN-019,Davao del Sur,7.28627,125.36913,3847.2,189.17,187.46,1.89,33.94,103,Unhealthy for Sensitive Groups,38.38,41.53,10.63,Dry,6.01,95.65
2026-03-06,SN-020,Davao del Sur,7.27648,125.39227,3655.6,1.35,8.27,9.22,61.06,19,Good,20.36,78.59,47.56,Wet,7.86,37.78
2026-03-07,SN-001,Batangas,13.77241,121.02809,1107.2,44.96,47.28,166.51,127.38,96,Moderate,24.13,40.43,23.85,Optimal,8.06,45.15
2026-03-07,SN-002,Metro Manila,14.56538,120.92161,934.19,13.03,183.98,142.48,71.7,102,Unhealthy for Sensitive Groups,30.53,95.69,31.14,Optimal,7.3,17.77
2026-03-07,SN-003,Pampanga,15.1761,120.59747,1325.23,178.07,108.65,38.61,119.28,111,Unhealthy for Sensitive Groups,39.43,48.28,7.4,Dry,7.23,16.25
2026-03-07,SN-004,Bulacan,14.84333,120.84052,4726.31,17.12,78.63,70.43,125.19,72,Moderate,36.46,64.58,52.88,Wet,7.45,47.17
2026-03-07,SN-005,Pampanga,15.16884,120.55406,2799.2,105.09,62.27,36.2,76.07,69,Moderate,33.43,91.66,46.71,Wet,8.41,18.89
2026-03-07,SN-006,Pampanga,15.15867,120.53867,3544.81,7.07,81.04,155.12,24.29,66,Moderate,26.31,76.04,42.39,Wet,6.12,89.82
2026-03-07,SN-007,Pampanga,15.16475,120.66711,3609.98,12.99,57.33,64.5,114.91,62,Moderate,25.45,75.22,24.05,Optimal,7.85,92.37
2026-03-07,SN-008,Leyte,11.04576,124.75037,581.92,235.77,11.16,109.17,70.28,106,Unhealthy for Sensitive Groups,30.49,41.92,19.37,Dry,7.92,68.7
2026-03-07,SN-009,Leyte,10.9368,124.89435,3372.59,209.56,295.89,17.83,58.05,145,Unhealthy for Sensitive Groups,37.39,64.01,40.28,Wet,6.35,94.16
2026-03-07,SN-010,Cebu,10.28412,123.80402,4844.61,135.73,47.28,81.51,110.44,93,Moderate,37.0,79.9,50.07,Wet,7.15,91.12
2026-03-07,SN-011,Iloilo,10.63519,122.61273,1064.26,240.8,74.33,7.52,125.76,112,Unhealthy for Sensitive Groups,30.6,41.85,55.6,Wet,8.01,98.12
2026-03-07,SN-012,Cebu,10.34147,123.88109,2661.52,16.14,160.39,93.7,41.17,77,Moderate,38.74,50.68,52.48,Wet,8.24,81.69
2026-03-07,SN-013,Leyte,11.04218,124.81838,2548.17,21.66,267.64,80.2,104.43,118,Unhealthy for Sensitive Groups,30.42,96.34,37.6,Optimal,7.86,99.08
2026-03-07,SN-014,Iloilo,10.65425,122.63047,3757.47,243.76,146.79,64.88,2.7,114,Unhealthy for Sensitive Groups,28.25,70.43,18.62,Dry,6.94,50.35
2026-03-07,SN-015,Misamis Oriental,8.42668,124.57912,2433.98,92.09,197.85,56.35,92.26,109,Unhealthy for Sensitive Groups,26.31,67.91,20.99,Optimal,7.48,24.97
2026-03-07,SN-016,Davao del Sur,7.15227,125.47642,3487.1,136.22,10.55,66.91,127.6,85,Moderate,27.46,51.33,49.75,Wet,7.56,30.67
2026-03-07,SN-017,Zamboanga del Sur,7.86636,123.42655,929.78,215.62,72.75,145.84,76.68,127,Unhealthy for Sensitive Groups,29.02,51.48,52.75,Wet,6.08,3.24
2026-03-07,SN-018,Misamis Oriental,8.50377,124.61878,2699.1,229.93,26.29,59.71,126.29,110,Unhealthy for Sensitive Groups,28.85,56.38,12.52,Dry,8.31,86.76
2026-03-07,SN-019,Davao del Sur,7.28627,125.36913,1491.81,132.73,139.58,79.07,15.68,91,Moderate,35.81,78.81,55.84,Wet,7.65,33.23
2026-03-07,SN-020,Davao del Sur,7.27648,125.39227,4837.77,70.19,215.77,79.28,87.95,113,Unhealthy for Sensitive Groups,28.68,85.79,29.7,Optimal,8.32,69.16
2026-03-08,SN-001,Batangas,13.77241,121.02809,1684.03,206.66,262.49,110.73,64.37,161,Unhealthy,27.53,77.61,15.97,Dry,7.39,17.2
2026-03-08,SN-002,Metro Manila,14.56538,120.92161,849.27,113.11,288.41,7.03,57.21,116,Unhealthy for Sensitive Groups,37.03,50.44,39.97,Optimal,6.4,12.56
2026-03-08,SN-003,Pampanga,15.1761,120.59747,1022.02,55.25,91.33,137.32,104.78,97,Moderate,32.98,67.05,10.47,Dry,6.46,93.46
2026-03-08,SN-004,Bulacan,14.84333,120.84052,1981.71,93.31,13.3,149.61,46.46,75,Moderate,39.59,44.04,43.97,Wet,8.12,22.25
2026-03-08,SN-005,Pampanga,15.16884,120.55406,3122.37,46.64,87.75,197.36,16.64,87,Moderate,33.25,77.48,27.13,Optimal,8.43,88.27
2026-03-08,SN-006,Pampanga,15.15867,120.53867,2320.89,91.72,73.3,81.27,96.45,85,Moderate,33.68,97.21,9.28,Dry,6.0,18.81
2026-03-08,SN-007,Pampanga,15.16475,120.66711,2200.74,52.67,186.15,2.14,42.13,70,Moderate,21.16,73.56,55.88,Wet,6.86,47.69
2026-03-08,SN-008,Leyte,11.04576,124.75037,1467.5,139.54,135.56,180.87,62.75,129,Unhealthy for Sensitive Groups,28.12,98.92,44.69,Wet,8.12,39.55
2026-03-08,SN-009,Leyte,10.9368,124.89435,822.78,4.6,212.97,190.79,44.35,113,Unhealthy for Sensitive Groups,38.88,63.33,18.07,Dry,6.92,31.18
2026-03-08,SN-010,Cebu,10.28412,123.80402,2510.23,191.94,37.06,63.14,109.82,100,Moderate,25.33,92.99,11.39,Dry,8.18,98.84
2026-03-08,SN-011,Iloilo,10.63519,122.61273,3412.77,67.27,81.25,137.45,123.85,102,Unhealthy for Sensitive Groups,24.16,60.73,32.72,Optimal,7.78,38.58
2026-03-08,SN-012,Cebu,10.34147,123.88109,2513.08,37.1,183.74,1.15,125.31,86,Moderate,31.12,72.5,27.64,Optimal,7.86,70.73
2026-03-08,SN-013,Leyte,11.04218,124.81838,2773.69,121.7,220.4,180.44,12.97,133,Unhealthy for Sensitive Groups,34.15,69.59,18.89,Dry,7.49,46.17
2026-03-08,SN-014,Iloilo,10.65425,122.63047,4756.45,16.65,22.94,79.32,20.36,34,Good,32.76,73.09,8.22,Dry,8.13,57.05
2026-03-08,SN-015,Misamis Oriental,8.42668,124.57912,4314.33,132.6,133.89,128.44,140.8,133,Unhealthy for Sensitive Groups,28.46,46.36,5.4,Dry,8.0,36.47
2026-03-08,SN-016,Davao del Sur,7.15227,125.47642,4209.36,81.81,210.09,176.48,109.34,144,Unhealthy for Sensitive Groups,33.33,85.69,31.42,Optimal,7.43,63.23
2026-03-08,SN-017,Zamboanga del Sur,7.86636,123.42655,2338.36,150.92,160.43,154.39,60.44,131,Unhealthy for Sensitive Groups,38.08,62.71,25.45,Optimal,6.17,10.83
2026-03-08,SN-018,Misamis Oriental,8.50377,124.61878,2554.23,188.87,206.1,68.33,32.18,123,Unhealthy for Sensitive Groups,28.8,92.08,45.23,Wet,8.0,28.58
2026-03-08,SN-019,Davao del Sur,7.28627,125.36913,4502.59,171.66,154.48,103.9,49.39,119,Unhealthy for Sensitive Groups,38.57,83.27,46.29,Wet,6.12,93.74
2026-03-08,SN-020,Davao del Sur,7.27648,125.39227,1674.02,30.16,296.37,88.74,48.28,115,Unhealthy for Sensitive Groups,31.75,92.98,35.9,Optimal,6.55,60.32
2026-03-09,SN-001,Batangas,13.77241,121.02809,2826.27,120.94,79.8,183.02,16.99,100,Moderate,30.51,62.66,54.86,Wet,6.45,75.5
2026-03-09,SN-002,Metro Manila,14.56538,120.92161,3189.96,59.88,137.57,68.05,142.66,102,Unhealthy for Sensitive Groups,35.63,46.6,49.49,Wet,7.99,16.71
2026-03-09,SN-003,Pampanga,15.1761,120.59747,4848.42,91.24,157.83,147.03,17.56,103,Unhealthy for Sensitive Groups,22.39,59.74,13.14,Dry,7.31,80.4
2026-03-09,SN-004,Bulacan,14.84333,120.84052,4245.27,20.54,237.28,158.44,119.92,134,Unhealthy for Sensitive Groups,28.5,69.19,10.2,Dry,6.84,93.72
2026-03-09,SN-005,Pampanga,15.16884,120.55406,3164.23,209.7,137.16,127.71,105.37,144,Unhealthy for Sensitive Groups,36.33,40.23,9.44,Dry,6.58,91.12
2026-03-09,SN-006,Pampanga,15.15867,120.53867,2981.6,54.87,177.45,198.86,67.79,124,Unhealthy for Sensitive Groups,32.66,43.99,25.49,Optimal,7.59,77.56
2026-03-09,SN-007,Pampanga,15.16475,120.66711,4277.27,167.8,128.67,181.33,54.19,132,Unhealthy for Sensitive Groups,24.65,95.9,27.65,Optimal,8.18,95.68
2026-03-09,SN-008,Leyte,11.04576,124.75037,825.1,128.75,210.93,139.16,66.51,136,Unhealthy for Sensitive Groups,23.91,50.03,17.36,Dry,6.78,28.19
2026-03-09,SN-009,Leyte,10.9368,124.89435,4801.21,230.84,291.64,81.62,80.55,171,Unhealthy,37.45,62.15,46.21,Wet,6.83,70.42
2026-03-09,SN-010,Cebu,10.28412,123.80402,3014.19,191.98,89.11,54.51,101.43,109,Unhealthy for Sensitive Groups,33.06,45.56,51.44,Wet,6.21,41.6
2026-03-09,SN-011,Iloilo,10.63519,122.61273,3447.63,96.35,112.34,8.37,149.38,91,Moderate,38.26,46.85,9.35,Dry,8.08,65.62
2026-03-09,SN-012,Cebu,10.34147,123.88109,2097.88,203.29,145.39,173.46,17.31,134,Unhealthy for Sensitive Groups,34.76,76.08,59.48,Wet,7.52,42.15
2026-03-09,SN-013,Leyte,11.04218,124.81838,4271.03,109.64,78.49,75.13,32.61,73,Moderate,34.81,78.21,13.63,Dry,7.29,61.78
2026-03-09,SN-014,Iloilo,10.65425,122.63047,1633.16,88.52,199.9,184.5,1.13,118,Unhealthy for Sensitive Groups,32.01,74.54,16.07,Dry,7.35,97.27
2026-03-09,SN-015,Misamis Oriental,8.42668,124.57912,608.3,154.25,245.26,128.32,49.8,144,Unhealthy for Sensitive Groups,27.15,96.58,33.28,Optimal,8.14,89.04
2026-03-09,SN-016,Davao del Sur,7.15227,125.47642,1579.66,35.0,249.22,27.73,110.31,105,Unhealthy for Sensitive Groups,32.49,61.55,28.48,Optimal,7.91,71.0
2026-03-09,SN-017,Zamboanga del Sur,7.86636,123.42655,1177.74,170.32,115.27,53.23,133.13,117,Unhealthy for Sensitive Groups,37.45,50.82,44.79,Wet,8.16,88.27
2026-03-09,SN-018,Misamis Oriental,8.50377,124.61878,4600.47,29.59,30.67,142.93,136.81,85,Moderate,37.47,55.48,13.27,Dry,7.93,33.92
2026-03-09,SN-019,Davao del Sur,7.28627,125.36913,4338.08,170.67,110.22,160.59,6.66,112,Unhealthy for Sensitive Groups,29.94,62.69,30.23,Optimal,7.3,21.33
2026-03-09,SN-020,Davao del Sur,7.27648,125.39227,4890.98,192.38,90.88,57.04,115.89,114,Unhealthy for Sensitive Groups,27.96,79.68,50.77,Wet,6.33,16.0
2026-03-10,SN-001,Batangas,13.77241,121.02809,4900.48,14.57,71.36,91.29,62.34,59,Moderate,21.23,46.95,17.91,Dry,7.74,90.27
2026-03-10,SN-002,Metro Manila,14.56538,120.92161,2524.49,192.15,172.73,113.92,56.37,133,Unhealthy for Sensitive Groups,33.81,95.46,21.66,Optimal,6.79,24.11
2026-03-10,SN-003,Pampanga,15.1761,120.59747,4532.15,190.66,290.65,47.88,47.16,144,Unhealthy for Sensitive Groups,32.15,68.19,58.07,Wet,6.92,7.86
2026-03-10,SN-004,Bulacan,14.84333,120.84052,3738.63,16.04,100.78,85.98,98.3,75,Moderate,26.29,88.08,35.09,Optimal,8.19,5.78
2026-03-10,SN-005,Pampanga,15.16884,120.55406,4053.91,229.31,45.85,130.91,61.13,116,Unhealthy for Sensitive Groups,29.83,88.36,54.68,Wet,6.23,30.82
2026-03-10,SN-006,Pampanga,15.15867,120.53867,1939.12,71.57,166.9,50.91,64.22,88,Moderate,25.9,95.69,43.5,Wet,6.54,59.11
2026-03-10,SN-007,Pampanga,15.16475,120.66711,1835.89,176.85,60.91,39.59,139.04,104,Unhealthy for Sensitive Groups,28.34,85.44,28.43,Optimal,6.24,52.56
2026-03-10,SN-008,Leyte,11.04576,124.75037,3090.06,140.08,251.72,4.89,29.62,106,Unhealthy for Sensitive Groups,32.64,85.49,10.0,Dry,6.34,27.6
2026-03-10,SN-009,Leyte,10.9368,124.89435,2435.19,59.95,45.51,34.51,43.23,45,Good,38.59,46.32,28.26,Optimal,7.04,41.37
2026-03-10,SN-010,Cebu,10.28412,123.80402,3813.5,174.63,225.4,113.83,19.38,133,Unhealthy for Sensitive Groups,37.16,82.32,43.29,Wet,7.17,63.99
2026-03-10,SN-011,Iloilo,10.63519,122.61273,1714.15,151.34,139.17,45.19,38.66,93,Moderate,20.53,91.75,18.08,Dry,7.79,97.95
2026-03-10,SN-012,Cebu,10.34147,123.88109,2626.9,73.42,84.83,79.97,118.92,89,Moderate,37.1,57.02,11.39,Dry,7.46,30.95
2026-03-10,SN-013,Leyte,11.04218,124.81838,2034.41,169.61,191.03,147.43,21.13,132,Unhealthy for Sensitive Groups,25.6,55.4,43.38,Wet,6.79,98.87
2026-03-10,SN-014,Iloilo,10.65425,122.63047,3138.37,133.36,296.37,12.14,96.01,134,Unhealthy for Sensitive Groups,26.56,80.68,12.09,Dry,6.05,34.35
2026-03-10,SN-015,Misamis Oriental,8.42668,124.57912,3266.74,140.49,56.7,28.0,44.0,67,Moderate,31.32,77.88,15.71,Dry,7.76,65.76
2026-03-10,SN-016,Davao del Sur,7.15227,125.47642,1493.21,56.94,209.75,111.47,23.49,100,Moderate,27.22,44.82,44.55,Wet,6.6,55.55
2026-03-10,SN-017,Zamboanga del Sur,7.86636,123.42655,4421.79,62.8,23.13,125.72,7.45,54,Moderate,22.42,73.61,6.32,Dry,6.62,22.37
2026-03-10,SN-018,Misamis Oriental,8.50377,124.61878,1846.79,74.77,224.59,167.93,65.7,133,Unhealthy for Sensitive Groups,23.88,99.28,32.36,Optimal,7.74,80.0
2026-03-10,SN-019,Davao del Sur,7.28627,125.36913,4777.37,200.83,276.06,169.02,110.33,189,Unhealthy,22.18,81.23,23.44,Optimal,8.35,35.62
2026-03-10,SN-020,Davao del Sur,7.27648,125.39227,3784.56,220.53,243.84,49.96,40.49,138,Unhealthy for Sensitive Groups,20.29,77.36,9.48,Dry,7.73,16.62
2026-03-11,SN-001,Batangas,13.77241,121.02809,3422.26,247.69,182.09,138.06,39.4,151,Unhealthy,28.68,61.0,17.04,Dry,8.09,41.21
2026-03-11,SN-002,Metro Manila,14.56538,120.92161,4373.21,140.44,291.16,106.93,108.53,161,Unhealthy,28.53,73.98,32.65,Optimal,6.03,31.68
2026-03-11,SN-003,Pampanga,15.1761,120.59747,2145.61,211.56,204.38,66.46,5.56,121,Unhealthy for Sensitive Groups,20.61,45.57,47.02,Wet,8.0,93.15
2026-03-11,SN-004,Bulacan,14.84333,120.84052,2141.47,106.09,226.06,71.89,5.14,102,Unhealthy for Sensitive Groups,34.83,54.77,37.45,Optimal,6.82,83.28
2026-03-11,SN-005,Pampanga,15.16884,120.55406,2695.17,48.64,280.91,54.57,2.15,96,Moderate,30.85,43.55,52.94,Wet,7.16,81.89
2026-03-11,SN-006,Pampanga,15.15867,120.53867,2071.69,37.48,50.04,94.18,71.03,63,Moderate,37.22,87.13,9.15,Dry,8.37,40.88
2026-03-11,SN-007,Pampanga,15.16475,120.66711,4276.98,194.96,119.96,65.49,52.09,108,Unhealthy for Sensitive Groups,27.88,42.16,39.15,Optimal,6.19,80.37
2026-03-11,SN-008,Leyte,11.04576,124.75037,3525.24,125.11,248.31,81.26,31.64,121,Unhealthy for Sensitive Groups,25.87,78.5,34.1,Optimal,6.07,70.31
2026-03-11,SN-009,Leyte,10.9368,124.89435,2940.2,176.67,43.03,35.0,134.92,97,Moderate,32.44,44.07,14.38,Dry,8.19,71.24
2026-03-11,SN-010,Cebu,10.28412,123.80402,4240.62,63.79,217.42,100.25,8.1,97,Moderate,31.17,70.43,33.04,Optimal,7.33,93.97
2026-03-11,SN-011,Iloilo,10.63519,122.61273,3988.9,152.56,106.05,9.4,124.37,98,Moderate,23.33,40.14,24.19,Optimal,7.46,10.29
2026-03-11,SN-012,Cebu,10.34147,123.88109,1682.78,98.36,227.67,108.9,51.99,121,Unhealthy for Sensitive Groups,35.73,74.68,20.69,Optimal,6.9,49.16
2026-03-11,SN-013,Leyte,11.04218,124.81838,4099.37,80.9,53.5,178.44,7.99,80,Moderate,27.68,67.84,18.6,Dry,6.85,16.5
2026-03-11,SN-014,Iloilo,10.65425,122.63047,3863.81,209.98,101.37,55.38,55.99,105,Unhealthy for Sensitive Groups,39.62,89.72,7.29,Dry,7.3,85.61
2026-03-11,SN-015,Misamis Oriental,8.42668,124.57912,3737.29,50.75,220.91,86.26,101.95,114,Unhealthy for Sensitive Groups,38.62,95.2,33.8,Optimal,7.1,0.19
2026-03-11,SN-016,Davao del Sur,7.15227,125.47642,988.78,93.38,39.54,82.02,114.58,82,Moderate,34.47,58.72,14.23,Dry,7.03,83.15
2026-03-11,SN-017,Zamboanga del Sur,7.86636,123.42655,804.1,135.86,23.82,25.69,133.68,79,Moderate,26.49,47.88,53.27,Wet,7.25,63.38
2026-03-11,SN-018,Misamis Oriental,8.50377,124.61878,4456.4,69.71,225.99,127.19,7.14,107,Unhealthy for Sensitive Groups,24.43,62.33,40.47,Wet,8.28,95.73
2026-03-11,SN-019,Davao del Sur,7.28627,125.36913,3886.58,88.38,84.83,196.28,24.09,98,Moderate,31.99,60.37,40.62,Wet,6.07,74.75
2026-03-11,SN-020,Davao del Sur,7.27648,125.39227,2806.05,218.81,274.11,137.8,87.33,179,Unhealthy,36.27,57.32,56.41,Wet,6.83,53.63
2026-03-12,SN-001,Batangas,13.77241,121.02809,4232.81,168.29,177.45,151.57,127.15,156,Unhealthy,37.13,65.5,22.58,Optimal,8.12,18.51
2026-03-12,SN-002,Metro Manila,14.56538,120.92161,813.56,66.85,130.65,30.95,104.94,83,Moderate,27.26,56.63,42.98,Wet,7.96,13.1
2026-03-12,SN-003,Pampanga,15.1761,120.59747,2005.57,124.85,48.36,177.05,23.01,93,Moderate,39.42,54.97,19.78,Dry,7.3,75.21
2026-03-12,SN-004,Bulacan,14.84333,120.84052,4495.63,63.38,296.74,185.8,6.65,138,Unhealthy for Sensitive Groups,29.77,87.93,46.65,Wet,6.15,2.75
2026-03-12,SN-005,Pampanga,15.16884,120.55406,1900.63,150.46,60.81,118.22,46.32,93,Moderate,30.8,82.99,54.34,Wet,7.67,69.77
2026-03-12,SN-006,Pampanga,15.15867,120.53867,2913.16,16.75,262.58,64.65,68.68,103,Unhealthy for Sensitive Groups,28.85,56.26,36.46,Optimal,7.9,75.53
2026-03-12,SN-007,Pampanga,15.16475,120.66711,4830.83,77.89,162.56,91.89,57.74,97,Moderate,27.91,84.38,22.55,Optimal,6.43,54.28
2026-03-12,SN-008,Leyte,11.04576,124.75037,3836.71,170.95,168.94,18.32,22.46,95,Moderate,25.54,75.61,52.72,Wet,8.31,56.89
2026-03-12,SN-009,Leyte,10.9368,124.89435,3303.96,245.91,28.9,184.56,101.92,140,Unhealthy for Sensitive Groups,33.19,80.63,40.07,Wet,8.06,41.53
2026-03-12,SN-010,Cebu,10.28412,123.80402,1752.03,247.81,215.25,85.13,117.54,166,Unhealthy,37.25,41.54,39.6,Optimal,8.03,22.81
2026-03-12,SN-011,Iloilo,10.63519,122.61273,3782.32,226.94,292.45,89.12,86.16,173,Unhealthy,20.64,86.86,59.08,Wet,6.29,63.84
2026-03-12,SN-012,Cebu,10.34147,123.88109,2944.78,211.98,255.21,14.12,58.48,134,Unhealthy for Sensitive Groups,29.4,90.24,30.1,Optimal,8.14,88.9
2026-03-12,SN-013,Leyte,11.04218,124.81838,1493.91,140.12,87.74,179.03,58.43,116,Unhealthy for Sensitive Groups,35.6,80.17,56.42,Wet,6.12,92.67
2026-03-12,SN-014,Iloilo,10.65425,122.63047,2329.8,65.58,42.53,139.41,99.81,86,Moderate,29.2,71.62,14.21,Dry,8.3,22.3
2026-03-12,SN-015,Misamis Oriental,8.42668,124.57912,744.17,168.17,62.05,142.38,24.22,99,Moderate,23.83,94.39,52.51,Wet,6.77,47.7
2026-03-12,SN-016,Davao del Sur,7.15227,125.47642,3099.36,12.58,140.83,16.06,20.26,47,Good,21.92,45.3,27.37,Optimal,8.45,51.57
2026-03-12,SN-017,Zamboanga del Sur,7.86636,123.42655,3830.27,100.39,130.92,109.42,116.23,114,Unhealthy for Sensitive Groups,37.48,82.75,46.84,Wet,8.25,52.2
2026-03-12,SN-018,Misamis Oriental,8.50377,124.61878,1693.58,140.83,229.94,184.49,4.65,139,Unhealthy for Sensitive Groups,29.4,65.42,28.67,Optimal,7.1,12.17
2026-03-12,SN-019,Davao del Sur,7.28627,125.36913,3640.39,60.0,60.04,180.37,142.06,110,Unhealthy for Sensitive Groups,21.99,81.2,14.75,Dry,7.4,80.64
2026-03-12,SN-020,Davao del Sur,7.27648,125.39227,2914.3,241.01,296.8,17.38,110.51,166,Unhealthy,25.61,81.11,59.97,Wet,6.98,23.6
2026-03-13,SN-001,Batangas,13.77241,121.02809,4577.86,31.14,85.0,108.13,58.01,70,Moderate,37.01,98.48,12.22,Dry,7.63,48.03
2026-03-13,SN-002,Metro Manila,14.56538,120.92161,1222.21,105.29,241.59,21.51,12.93,95,Moderate,31.86,50.37,22.94,Optimal,8.06,24.49
2026-03-13,SN-003,Pampanga,15.1761,120.59747,4323.46,12.34,150.22,51.76,62.78,69,Moderate,26.7,92.37,6.02,Dry,7.79,21.75
2026-03-13,SN-004,Bulacan,14.84333,120.84052,4978.4,160.3,6.46,50.88,0.13,54,Moderate,30.73,45.12,18.46,Dry,8.41,96.82
2026-03-13,SN-005,Pampanga,15.16884,120.55406,515.68,122.74,206.57,154.13,71.9,138,Unhealthy for Sensitive Groups,35.12,55.81,54.37,Wet,7.48,18.02
2026-03-13,SN-006,Pampanga,15.15867,120.53867,3819.86,213.47,135.42,5.07,0.6,88,Moderate,21.64,42.73,34.36,Optimal,6.68,90.05
2026-03-13,SN-007,Pampanga,15.16475,120.66711,4254.57,37.67,182.8,189.07,29.18,109,Unhealthy for Sensitive Groups,28.54,66.65,44.01,Wet,8.06,63.3
2026-03-13,SN-008,Leyte,11.04576,124.75037,3759.81,134.45,97.57,1.31,51.13,71,Moderate,20.93,73.64,54.73,Wet,8.12,78.3
2026-03-13,SN-009,Leyte,10.9368,124.89435,4456.04,78.65,84.62,188.61,78.37,107,Unhealthy for Sensitive Groups,34.68,65.48,55.0,Wet,7.14,50.56
2026-03-13,SN-010,Cebu,10.28412,123.80402,409.69,169.13,279.86,51.88,7.35,127,Unhealthy for Sensitive Groups,34.44,54.94,43.7,Wet,6.7,54.48
2026-03-13,SN-011,Iloilo,10.63519,122.61273,2848.36,161.03,2.26,83.3,64.47,77,Moderate,29.98,66.36,36.33,Optimal,6.12,35.86
2026-03-13,SN-012,Cebu,10.34147,123.88109,3326.2,204.19,17.77,126.44,116.15,116,Unhealthy for Sensitive Groups,34.6,63.91,58.29,Wet,6.41,9.07
2026-03-13,SN-013,Leyte,11.04218,124.81838,4102.54,195.83,211.58,31.64,9.55,112,Unhealthy for Sensitive Groups,21.79,56.56,49.94,Wet,6.86,10.66
2026-03-13,SN-014,Iloilo,10.65425,122.63047,1261.61,230.48,17.07,168.94,84.01,125,Unhealthy for Sensitive Groups,30.38,46.67,21.05,Optimal,6.84,87.42
2026-03-13,SN-015,Misamis Oriental,8.42668,124.57912,1770.73,154.91,215.42,94.93,47.53,128,Unhealthy for Sensitive Groups,26.84,46.9,51.8,Wet,6.16,31.7
2026-03-13,SN-016,Davao del Sur,7.15227,125.47642,2064.38,144.27,235.54,164.34,52.34,149,Unhealthy for Sensitive Groups,20.49,82.72,8.11,Dry,7.01,16.86
2026-03-13,SN-017,Zamboanga del Sur,7.86636,123.42655,1526.79,131.01,206.52,181.09,137.4,164,Unhealthy,35.78,61.69,19.99,Dry,6.03,36.6
2026-03-13,SN-018,Misamis Oriental,8.50377,124.61878,3765.93,192.48,269.57,68.93,94.69,156,Unhealthy,23.04,80.8,47.6,Wet,8.23,13.31
2026-03-13,SN-019,Davao del Sur,7.28627,125.36913,4144.08,22.39,240.79,27.89,29.46,80,Moderate,31.75,75.0,47.97,Wet,7.01,15.6
2026-03-13,SN-020,Davao del Sur,7.27648,125.39227,790.2,225.25,117.25,105.99,79.5,132,Unhealthy for Sensitive Groups,27.48,84.67,35.49,Optimal,6.2,88.2
2026-03-14,SN-001,Batangas,13.77241,121.02809,3771.13,206.79,4.89,96.61,65.19,93,Moderate,37.76,41.49,44.99,Wet,7.82,34.65
2026-03-14,SN-002,Metro Manila,14.56538,120.92161,2826.18,23.36,161.93,87.62,23.91,74,Moderate,27.99,89.94,16.73,Dry,7.57,85.13
2026-03-14,SN-003,Pampanga,15.1761,120.59747,3950.16,58.27,10.48,149.51,92.58,77,Moderate,30.34,81.67,31.19,Optimal,6.54,70.83
2026-03-14,SN-004,Bulacan,14.84333,120.84052,635.37,241.96,294.64,31.74,8.2,144,Unhealthy for Sensitive Groups,22.45,99.72,40.43,Wet,7.36,21.68
2026-03-14,SN-005,Pampanga,15.16884,120.55406,3201.14,43.86,95.9,110.07,83.64,83,Moderate,24.76,47.47,10.26,Dry,6.0,21.75
2026-03-14,SN-006,Pampanga,15.15867,120.53867,1445.9,34.64,183.97,10.89,140.1,92,Moderate,21.6,77.62,40.28,Wet,8.22,57.96
2026-03-14,SN-007,Pampanga,15.16475,120.66711,2323.98,24.82,37.47,134.82,131.35,82,Moderate,34.43,96.97,23.96,Optimal,7.52,99.25
2026-03-14,SN-008,Leyte,11.04576,124.75037,2005.11,90.82,266.6,76.54,38.95,118,Unhealthy for Sensitive Groups,35.83,58.29,29.53,Optimal,7.54,99.99
2026-03-14,SN-009,Leyte,10.9368,124.89435,4632.74,194.7,288.17,135.87,106.84,181,Unhealthy,37.49,89.61,37.6,Optimal,6.43,63.48
2026-03-14,SN-010,Cebu,10.28412,123.80402,4411.1,62.49,115.91,43.49,144.79,91,Moderate,28.33,91.92,44.04,Wet,8.42,89.89
2026-03-14,SN-011,Iloilo,10.63519,122.61273,3238.67,138.79,41.17,13.75,46.43,60,Moderate,38.97,62.82,23.78,Optimal,7.8,19.93
2026-03-14,SN-012,Cebu,10.34147,123.88109,3705.34,0.77,276.8,193.5,146.6,154,Unhealthy,20.42,97.17,6.67,Dry,7.51,66.87
2026-03-14,SN-013,Leyte,11.04218,124.81838,4873.87,239.47,77.31,26.96,26.04,92,Moderate,36.62,50.54,43.5,Wet,6.52,54.98
2026-03-14,SN-014,Iloilo,10.65425,122.63047,3834.0,158.04,23.65,173.94,13.77,92,Moderate,34.92,98.8,56.72,Wet,6.73,25.66
2026-03-14,SN-015,Misamis Oriental,8.42668,124.57912,3873.74,161.33,259.98,132.5,2.31,139,Unhealthy for Sensitive Groups,38.12,89.98,27.01,Optimal,7.79,67.15
2026-03-14,SN-016,Davao del Sur,7.15227,125.47642,4601.59,20.28,119.83,120.77,38.7,74,Moderate,22.47,90.41,52.12,Wet,7.85,42.32
2026-03-14,SN-017,Zamboanga del Sur,7.86636,123.42655,2514.3,2.23,205.47,169.08,116.38,123,Unhealthy for Sensitive Groups,35.81,84.91,51.51,Wet,8.18,61.47
2026-03-14,SN-018,Misamis Oriental,8.50377,124.61878,3079.47,54.9,34.34,3.38,141.01,58,Moderate,33.02,50.46,22.39,Optimal,6.39,72.45
2026-03-14,SN-019,Davao del Sur,7.28627,125.36913,615.33,193.58,171.56,94.49,13.92,118,Unhealthy for Sensitive Groups,21.38,93.35,28.98,Optimal,7.07,1.17
2026-03-14,SN-020,Davao del Sur,7.27648,125.39227,4512.36,10.71,118.66,194.2,119.89,110,Unhealthy for Sensitive Groups,31.59,71.75,42.87,Wet,6.23,84.89
2026-03-15,SN-001,Batangas,13.77241,121.02809,1841.7,52.06,58.32,8.96,29.23,37,Good,23.93,58.5,41.35,Wet,6.71,15.33
2026-03-15,SN-002,Metro Manila,14.56538,120.92161,1627.13,237.33,9.85,198.64,63.48,127,Unhealthy for Sensitive Groups,31.07,41.63,39.85,Optimal,6.84,83.81
2026-03-15,SN-003,Pampanga,15.1761,120.59747,3119.36,243.98,178.38,145.17,16.37,145,Unhealthy for Sensitive Groups,36.84,49.96,25.14,Optimal,8.14,48.65
2026-03-15,SN-004,Bulacan,14.84333,120.84052,3535.77,90.01,136.72,1.75,131.99,90,Moderate,24.28,69.16,35.41,Optimal,7.38,10.84
2026-03-15,SN-005,Pampanga,15.16884,120.55406,4716.6,157.33,87.53,163.06,66.73,118,Unhealthy for Sensitive Groups,26.37,81.24,5.44,Dry,6.78,57.27
2026-03-15,SN-006,Pampanga,15.15867,120.53867,4873.87,30.33,135.8,158.04,148.49,118,Unhealthy for Sensitive Groups,30.81,57.55,34.91,Optimal,7.26,64.06
2026-03-15,SN-007,Pampanga,15.16475,120.66711,2408.76,44.14,31.6,161.5,143.56,95,Moderate,33.34,53.14,14.32,Dry,7.98,96.8
2026-03-15,SN-008,Leyte,11.04576,124.75037,4211.89,221.66,216.39,66.23,99.96,151,Unhealthy,35.59,91.0,37.83,Optimal,8.02,40.54
2026-03-15,SN-009,Leyte,10.9368,124.89435,4104.47,123.52,113.86,178.01,115.93,132,Unhealthy for Sensitive Groups,27.86,55.98,10.81,Dry,6.8,6.12
2026-03-15,SN-010,Cebu,10.28412,123.80402,2858.89,4.35,199.56,172.61,148.51,131,Unhealthy for Sensitive Groups,38.51,43.3,19.53,Dry,7.82,51.9
2026-03-15,SN-011,Iloilo,10.63519,122.61273,1037.8,68.64,292.87,46.26,39.95,111,Unhealthy for Sensitive Groups,30.23,65.32,39.02,Optimal,7.75,61.34
2026-03-15,SN-012,Cebu,10.34147,123.88109,433.75,50.16,161.81,11.98,7.4,57,Moderate,31.18,86.78,31.83,Optimal,6.15,55.45
2026-03-15,SN-013,Leyte,11.04218,124.81838,2479.42,53.33,55.6,59.36,5.03,43,Good,24.54,46.24,5.38,Dry,7.45,71.58
2026-03-15,SN-014,Iloilo,10.65425,122.63047,4316.66,6.36,65.76,182.92,103.74,89,Moderate,36.93,94.45,22.05,Optimal,8.29,31.85
2026-03-15,SN-015,Misamis Oriental,8.42668,124.57912,1162.06,210.21,269.39,53.09,41.91,143,Unhealthy for Sensitive Groups,33.03,80.04,38.82,Optimal,6.24,31.9
2026-03-15,SN-016,Davao del Sur,7.15227,125.47642,865.69,213.6,17.32,60.19,75.72,91,Moderate,29.23,97.73,19.36,Dry,7.04,47.94
2026-03-15,SN-017,Zamboanga del Sur,7.86636,123.42655,4862.02,200.22,26.46,4.49,49.22,70,Moderate,38.63,68.02,36.02,Optimal,7.46,75.52
2026-03-15,SN-018,Misamis Oriental,8.50377,124.61878,4704.86,188.11,61.81,18.81,80.74,87,Moderate,27.83,44.8,29.38,Optimal,7.68,14.7
2026-03-15,SN-019,Davao del Sur,7.28627,125.36913,3930.33,145.34,248.29,17.31,61.91,118,Unhealthy for Sensitive Groups,22.58,51.93,24.23,Optimal,7.82,80.82
2026-03-15,SN-020,Davao del Sur,7.27648,125.39227,847.04,109.09,99.75,90.63,107.93,101,Unhealthy for Sensitive Groups,38.22,67.82,11.21,Dry,8.17,47.01
2026-03-16,SN-001,Batangas,13.77241,121.02809,723.86,67.83,248.53,21.54,112.52,112,Unhealthy for Sensitive Groups,38.27,70.08,10.24,Dry,7.71,89.01
2026-03-16,SN-002,Metro Manila,14.56538,120.92161,413.2,248.62,143.83,118.68,91.69,150,Unhealthy for Sensitive Groups,25.8,43.56,36.3,Optimal,8.2,30.09
2026-03-16,SN-003,Pampanga,15.1761,120.59747,1741.19,154.79,89.85,149.01,147.05,135,Unhealthy for Sensitive Groups,26.0,77.95,5.73,Dry,7.31,16.09
2026-03-16,SN-004,Bulacan,14.84333,120.84052,3172.26,107.84,185.25,131.01,65.44,122,Unhealthy for Sensitive Groups,26.41,63.76,20.24,Optimal,8.09,85.74
2026-03-16,SN-005,Pampanga,15.16884,120.55406,3796.1,39.86,74.23,188.93,61.19,91,Moderate,27.01,77.59,22.4,Optimal,7.13,82.72
2026-03-16,SN-006,Pampanga,15.15867,120.53867,1784.9,162.74,261.36,48.28,38.37,127,Unhealthy for Sensitive Groups,38.02,51.2,53.08,Wet,7.07,39.61
2026-03-16,SN-007,Pampanga,15.16475,120.66711,1259.35,195.98,47.12,194.94,38.48,119,Unhealthy for Sensitive Groups,26.11,63.93,41.27,Wet,6.86,83.26
2026-03-16,SN-008,Leyte,11.04576,124.75037,2364.99,75.43,212.16,6.11,58.99,88,Moderate,35.92,72.21,34.59,Optimal,7.43,98.57
2026-03-16,SN-009,Leyte,10.9368,124.89435,1111.74,34.28,285.66,76.08,8.45,101,Unhealthy for Sensitive Groups,29.37,57.72,35.66,Optimal,6.57,28.82
2026-03-16,SN-010,Cebu,10.28412,123.80402,4351.88,47.26,176.32,9.08,96.65,82,Moderate,32.89,74.76,47.71,Wet,8.48,29.94
2026-03-16,SN-011,Iloilo,10.63519,122.61273,2911.84,21.04,272.84,161.75,16.26,117,Unhealthy for Sensitive Groups,28.12,80.55,42.61,Wet,6.93,60.51
2026-03-16,SN-012,Cebu,10.34147,123.88109,2999.61,31.24,14.56,129.23,49.18,56,Moderate,29.57,85.11,22.13,Optimal,6.46,39.31
2026-03-16,SN-013,Leyte,11.04218,124.81838,1166.0,67.78,101.63,171.64,37.82,94,Moderate,23.98,98.39,11.65,Dry,6.57,78.95
2026-03-16,SN-014,Iloilo,10.65425,122.63047,982.12,65.92,238.6,143.18,128.59,144,Unhealthy for Sensitive Groups,24.53,83.58,13.06,Dry,8.41,90.02
2026-03-16,SN-015,Misamis Oriental,8.42668,124.57912,3949.97,36.17,217.45,184.18,85.93,130,Unhealthy for Sensitive Groups,23.09,62.13,23.94,Optimal,6.67,38.58
2026-03-16,SN-016,Davao del Sur,7.15227,125.47642,1747.37,182.58,205.44,6.96,64.75,114,Unhealthy for Sensitive Groups,30.68,77.59,30.44,Optimal,6.05,49.84
2026-03-16,SN-017,Zamboanga del Sur,7.86636,123.42655,4491.97,151.57,29.71,39.46,121.63,85,Moderate,37.7,80.67,58.31,Wet,7.56,35.5
2026-03-16,SN-018,Misamis Oriental,8.50377,124.61878,2600.02,81.58,299.85,31.8,133.44,136,Unhealthy for Sensitive Groups,39.59,94.57,27.62,Optimal,7.58,5.79
2026-03-16,SN-019,Davao del Sur,7.28627,125.36913,906.28,8.75,117.92,156.99,80.67,91,Moderate,24.54,74.62,21.74,Optimal,7.79,36.09
2026-03-16,SN-020,Davao del Sur,7.27648,125.39227,4786.46,236.51,58.19,32.54,107.1,108,Unhealthy for Sensitive Groups,29.66,54.04,31.22,Optimal,6.38,33.85
2026-03-17,SN-001,Batangas,13.77241,121.02809,998.27,51.2,138.2,199.56,138.39,131,Unhealthy for Sensitive Groups,32.11,64.41,19.67,Dry,6.39,40.27
2026-03-17,SN-002,Metro Manila,14.56538,120.92161,886.5,195.11,41.07,138.13,53.21,106,Unhealthy for Sensitive Groups,38.14,84.27,58.56,Wet,7.42,42.13
2026-03-17,SN-003,Pampanga,15.1761,120.59747,407.12,236.34,84.67,69.69,131.3,130,Unhealthy for Sensitive Groups,38.24,61.2,58.25,Wet,8.0,51.71
2026-03-17,SN-004,Bulacan,14.84333,120.84052,2465.46,40.93,87.08,129.94,28.98,71,Moderate,38.24,55.18,53.8,Wet,6.77,8.76
2026-03-17,SN-005,Pampanga,15.16884,120.55406,808.76,188.92,96.05,104.52,104.5,123,Unhealthy for Sensitive Groups,27.27,86.62,52.36,Wet,7.6,84.99
2026-03-17,SN-006,Pampanga,15.15867,120.53867,3190.3,13.7,144.16,39.96,21.38,54,Moderate,31.93,85.03,13.02,Dry,8.34,66.17
2026-03-17,SN-007,Pampanga,15.16475,120.66711,773.77,180.66,59.56,55.38,143.69,109,Unhealthy for Sensitive Groups,25.53,73.36,42.88,Wet,7.76,41.58
2026-03-17,SN-008,Leyte,11.04576,124.75037,1497.07,59.6,184.32,56.15,105.51,101,Unhealthy for Sensitive Groups,26.53,55.89,11.89,Dry,6.7,88.84
2026-03-17,SN-009,Leyte,10.9368,124.89435,724.35,111.34,215.75,132.67,7.79,116,Unhealthy for Sensitive Groups,28.28,56.31,44.75,Wet,8.4,31.49
2026-03-17,SN-010,Cebu,10.28412,123.80402,3742.94,241.98,288.47,9.99,77.06,154,Unhealthy,33.71,57.17,35.25,Optimal,8.15,42.51
2026-03-17,SN-011,Iloilo,10.63519,122.61273,3042.48,76.04,282.33,53.54,1.26,103,Unhealthy for Sensitive Groups,35.96,85.35,33.44,Optimal,8.36,60.93
2026-03-17,SN-012,Cebu,10.34147,123.88109,2747.26,84.38,270.28,88.77,120.74,141,Unhealthy for Sensitive Groups,39.54,98.86,14.5,Dry,8.43,77.08
2026-03-17,SN-013,Leyte,11.04218,124.81838,4739.33,176.44,261.01,37.9,133.62,152,Unhealthy,29.42,84.77,26.99,Optimal,8.05,12.64
2026-03-17,SN-014,Iloilo,10.65425,122.63047,1171.48,82.58,136.91,189.09,66.7,118,Unhealthy for Sensitive Groups,20.72,70.3,43.96,Wet,7.78,95.42
2026-03-17,SN-015,Misamis Oriental,8.42668,124.57912,1671.47,37.51,85.18,17.89,64.16,51,Moderate,33.41,62.19,35.12,Optimal,8.32,32.39
2026-03-17,SN-016,Davao del Sur,7.15227,125.47642,3876.49,92.78,62.51,171.08,70.55,99,Moderate,27.41,56.89,48.63,Wet,6.78,59.53
2026-03-17,SN-017,Zamboanga del Sur,7.86636,123.42655,3660.87,118.98,192.81,120.38,32.2,116,Unhealthy for Sensitive Groups,21.89,55.98,52.91,Wet,7.48,48.05
2026-03-17,SN-018,Misamis Oriental,8.50377,124.61878,701.49,125.32,291.89,102.84,69.86,147,Unhealthy for Sensitive Groups,32.23,45.89,23.72,Optimal,8.38,76.77
2026-03-17,SN-019,Davao del Sur,7.28627,125.36913,4239.84,5.06,174.84,82.95,89.57,88,Moderate,36.58,93.91,8.2,Dry,7.43,93.12
2026-03-17,SN-020,Davao del Sur,7.27648,125.39227,1983.14,41.34,147.36,128.81,72.35,97,Moderate,27.17,73.3,44.46,Wet,7.95,67.82
2026-03-18,SN-001,Batangas,13.77241,121.02809,4576.97,100.63,47.59,132.0,132.33,103,Unhealthy for Sensitive Groups,29.91,64.9,37.54,Optimal,6.5,53.95
2026-03-18,SN-002,Metro Manila,14.56538,120.92161,2354.69,124.45,53.05,3.24,47.23,56,Moderate,32.11,76.32,50.08,Wet,6.51,39.12
2026-03-18,SN-003,Pampanga,15.1761,120.59747,1626.9,198.06,230.84,84.87,141.9,163,Unhealthy,23.09,49.54,41.98,Wet,7.11,37.18
2026-03-18,SN-004,Bulacan,14.84333,120.84052,3557.72,247.96,195.51,131.28,54.82,157,Unhealthy,23.03,93.06,31.86,Optimal,8.1,59.0
2026-03-18,SN-005,Pampanga,15.16884,120.55406,3631.01,55.96,109.05,67.76,138.77,92,Moderate,23.03,86.55,56.35,Wet,6.71,5.74
2026-03-18,SN-006,Pampanga,15.15867,120.53867,1524.17,202.77,243.14,180.52,0.36,156,Unhealthy,27.58,44.36,44.38,Wet,7.92,35.82
2026-03-18,SN-007,Pampanga,15.16475,120.66711,775.09,174.04,138.67,23.84,93.69,107,Unhealthy for Sensitive Groups,24.96,86.57,25.62,Optimal,8.08,95.28
2026-03-18,SN-008,Leyte,11.04576,124.75037,853.31,220.07,264.87,41.98,8.87,133,Unhealthy for Sensitive Groups,31.7,97.92,52.64,Wet,7.21,43.18
2026-03-18,SN-009,Leyte,10.9368,124.89435,3006.3,89.51,283.46,7.82,102.16,120,Unhealthy for Sensitive Groups,20.35,95.82,51.92,Wet,6.65,6.2
2026-03-18,SN-010,Cebu,10.28412,123.80402,3821.31,230.5,15.56,135.34,76.41,114,Unhealthy for Sensitive Groups,33.55,93.95,58.3,Wet,8.29,17.84
2026-03-18,SN-011,Iloilo,10.63519,122.61273,3493.9,226.93,291.55,185.34,46.55,187,Unhealthy,30.9,98.93,50.21,Wet,7.62,75.3
2026-03-18,SN-012,Cebu,10.34147,123.88109,2826.11,177.94,130.0,196.43,124.06,157,Unhealthy,36.87,47.55,18.32,Dry,7.28,34.6
2026-03-18,SN-013,Leyte,11.04218,124.81838,4007.68,223.47,286.74,54.02,101.86,166,Unhealthy,21.1,73.23,48.6,Wet,7.57,30.48
2026-03-18,SN-014,Iloilo,10.65425,122.63047,2648.2,108.05,21.54,74.15,25.82,57,Moderate,22.64,54.11,30.69,Optimal,8.27,53.09
2026-03-18,SN-015,Misamis Oriental,8.42668,124.57912,4165.99,127.27,92.68,113.05,125.38,114,Unhealthy for Sensitive Groups,33.5,59.83,11.18,Dry,6.14,80.02
2026-03-18,SN-016,Davao del Sur,7.15227,125.47642,1952.12,237.58,108.46,71.14,100.93,129,Unhealthy for Sensitive Groups,33.63,59.49,50.63,Wet,6.24,83.55
2026-03-18,SN-017,Zamboanga del Sur,7.86636,123.42655,1853.6,223.57,207.62,29.84,84.52,136,Unhealthy for Sensitive Groups,34.44,91.44,19.42,Dry,7.68,11.23
2026-03-18,SN-018,Misamis Oriental,8.50377,124.61878,655.14,39.94,299.26,40.58,129.41,127,Unhealthy for Sensitive Groups,32.25,81.52,44.01,Wet,6.32,77.02
2026-03-18,SN-019,Davao del Sur,7.28627,125.36913,3610.11,116.6,98.19,112.59,28.21,88,Moderate,34.86,72.41,46.56,Wet,7.06,19.67
2026-03-18,SN-020,Davao del Sur,7.27648,125.39227,1336.73,66.87,265.45,91.95,1.59,106,Unhealthy for Sensitive Groups,29.69,88.31,57.75,Wet,8.33,33.17
2026-03-19,SN-001,Batangas,13.77241,121.02809,2942.97,30.96,289.44,164.67,107.52,148,Unhealthy for Sensitive Groups,38.38,76.91,28.44,Optimal,7.29,61.56
2026-03-19,SN-002,Metro Manila,14.56538,120.92161,1083.94,35.52,36.34,102.15,72.85,61,Moderate,24.32,49.96,36.71,Optimal,8.36,15.88
2026-03-19,SN-003,Pampanga,15.1761,120.59747,1460.82,190.56,122.53,48.73,146.52,127,Unhealthy for Sensitive Groups,35.82,59.32,50.31,Wet,8.42,32.15
2026-03-19,SN-004,Bulacan,14.84333,120.84052,1036.65,180.28,170.49,72.67,83.02,126,Unhealthy for Sensitive Groups,31.6,82.82,56.46,Wet,7.13,42.5
2026-03-19,SN-005,Pampanga,15.16884,120.55406,4820.44,85.72,20.96,83.36,121.81,77,Moderate,20.86,95.76,39.12,Optimal,7.79,47.89
2026-03-19,SN-006,Pampanga,15.15867,120.53867,3535.94,185.03,32.19,194.1,35.0,111,Unhealthy for Sensitive Groups,34.05,71.46,10.09,Dry,8.16,11.47
2026-03-19,SN-007,Pampanga,15.16475,120.66711,4037.49,135.89,55.14,26.15,108.01,81,Moderate,35.59,95.9,8.11,Dry,6.69,80.79
2026-03-19,SN-008,Leyte,11.04576,124.75037,2445.43,141.09,269.15,2.54,149.27,140,Unhealthy for Sensitive Groups,32.97,84.16,50.47,Wet,8.4,12.02
2026-03-19,SN-009,Leyte,10.9368,124.89435,3850.04,229.36,32.2,149.99,50.56,115,Unhealthy for Sensitive Groups,27.66,63.75,27.61,Optimal,7.05,56.69
2026-03-19,SN-010,Cebu,10.28412,123.80402,4637.45,56.43,6.09,178.38,106.42,86,Moderate,21.1,41.99,53.19,Wet,6.68,21.21
2026-03-19,SN-011,Iloilo,10.63519,122.61273,2730.95,238.39,95.9,65.39,136.84,134,Unhealthy for Sensitive Groups,36.8,89.25,53.83,Wet,8.3,78.35
2026-03-19,SN-012,Cebu,10.34147,123.88109,3627.1,8.46,285.93,30.74,87.18,103,Unhealthy for Sensitive Groups,21.32,96.22,42.16,Wet,6.77,90.36
2026-03-19,SN-013,Leyte,11.04218,124.81838,2545.58,138.72,33.64,76.4,81.29,82,Moderate,33.22,41.23,28.89,Optimal,7.6,26.38
2026-03-19,SN-014,Iloilo,10.65425,122.63047,2013.25,120.22,282.66,198.57,6.65,152,Unhealthy,27.31,83.43,35.02,Optimal,7.13,11.49
2026-03-19,SN-015,Misamis Oriental,8.42668,124.57912,3862.94,204.76,50.77,80.76,85.34,105,Unhealthy for Sensitive Groups,28.09,64.2,44.17,Wet,7.43,78.93
2026-03-19,SN-016,Davao del Sur,7.15227,125.47642,2057.6,168.03,232.15,58.28,89.28,136,Unhealthy for Sensitive Groups,30.67,80.12,36.42,Optimal,6.16,29.9
2026-03-19,SN-017,Zamboanga del Sur,7.86636,123.42655,3571.65,191.94,211.82,182.77,20.86,151,Unhealthy,35.92,82.2,50.89,Wet,7.74,6.75
2026-03-19,SN-018,Misamis Oriental,8.50377,124.61878,3124.31,233.68,123.55,38.14,29.53,106,Unhealthy for Sensitive Groups,23.08,70.98,35.08,Optimal,6.13,92.8
2026-03-19,SN-019,Davao del Sur,7.28627,125.36913,3035.61,35.51,185.91,145.63,9.55,94,Moderate,36.98,68.25,47.33,Wet,6.98,64.92
2026-03-19,SN-020,Davao del Sur,7.27648,125.39227,3048.73,175.25,261.52,110.07,83.17,157,Unhealthy,33.82,84.94,57.22,Wet,7.17,48.78
2026-03-20,SN-001,Batangas,13.77241,121.02809,2739.2,185.36,262.79,68.21,25.57,135,Unhealthy for Sensitive Groups,38.18,97.29,47.63,Wet,6.68,16.31
2026-03-20,SN-002,Metro Manila,14.56538,120.92161,1926.53,153.59,237.32,59.43,71.92,130,Unhealthy for Sensitive Groups,34.73,93.45,14.25,Dry,6.24,81.64
2026-03-20,SN-003,Pampanga,15.1761,120.59747,1921.45,64.72,283.48,109.47,21.38,119,Unhealthy for Sensitive Groups,36.78,76.92,5.81,Dry,8.19,52.21
2026-03-20,SN-004,Bulacan,14.84333,120.84052,2906.29,59.21,78.32,62.71,30.14,57,Moderate,39.3,71.8,55.55,Wet,7.64,50.69
2026-03-20,SN-005,Pampanga,15.16884,120.55406,4516.56,137.66,174.01,68.47,7.46,96,Moderate,24.53,89.5,57.42,Wet,7.89,61.93
2026-03-20,SN-006,Pampanga,15.15867,120.53867,2873.63,87.5,278.79,43.94,93.94,126,Unhealthy for Sensitive Groups,25.2,89.15,47.83,Wet,6.98,23.26
2026-03-20,SN-007,Pampanga,15.16475,120.66711,1987.47,239.88,100.42,95.27,130.77,141,Unhealthy for Sensitive Groups,37.13,70.78,31.59,Optimal,8.28,33.91
2026-03-20,SN-008,Leyte,11.04576,124.75037,742.08,135.6,146.59,193.35,23.51,124,Unhealthy for Sensitive Groups,30.43,51.51,23.46,Optimal,7.36,79.86
2026-03-20,SN-009,Leyte,10.9368,124.89435,1135.3,51.71,3.13,34.58,92.06,45,Good,26.07,73.24,59.96,Wet,7.86,93.71
2026-03-20,SN-010,Cebu,10.28412,123.80402,4744.27,230.63,295.27,124.69,94.08,186,Unhealthy,20.94,82.28,7.97,Dry,6.0,3.84
2026-03-20,SN-011,Iloilo,10.63519,122.61273,2686.29,103.18,243.63,159.11,2.24,127,Unhealthy for Sensitive Groups,24.88,55.56,16.44,Dry,6.22,3.16
2026-03-20,SN-012,Cebu,10.34147,123.88109,2349.95,146.11,136.49,101.59,66.22,112,Unhealthy for Sensitive Groups,32.29,77.24,35.02,Optimal,7.32,40.31
2026-03-20,SN-013,Leyte,11.04218,124.81838,4039.18,3.42,81.58,165.74,133.71,96,Moderate,36.5,58.16,25.8,Optimal,7.97,77.23
2026-03-20,SN-014,Iloilo,10.65425,122.63047,4867.6,58.21,32.91,91.14,51.7,58,Moderate,34.92,57.81,48.45,Wet,6.47,11.12
2026-03-20,SN-015,Misamis Oriental,8.42668,124.57912,4301.08,51.88,292.21,17.35,44.99,101,Unhealthy for Sensitive Groups,24.89,67.81,23.52,Optimal,8.08,83.67
2026-03-20,SN-016,Davao del Sur,7.15227,125.47642,3563.69,101.89,186.19,0.04,137.42,175,Unhealthy,24.87,87.47,35.58,Optimal,6.51,36.88
2026-03-20,SN-017,Zamboanga del Sur,7.86636,123.42655,830.12,57.53,268.86,71.82,111.95,127,Unhealthy for Sensitive Groups,21.44,50.11,31.05,Optimal,6.97,29.43
2026-03-20,SN-018,Misamis Oriental,8.50377,124.61878,1197.26,31.45,263.49,169.62,144.73,152,Unhealthy,28.86,78.83,36.95,Optimal,8.32,5.1
2026-03-20,SN-019,Davao del Sur,7.28627,125.36913,3648.59,66.43,193.4,176.53,146.43,145,Unhealthy for Sensitive Groups,36.91,74.15,54.88,Wet,7.42,47.44
2026-03-20,SN-020,Davao del Sur,7.27648,125.39227,3005.82,56.91,162.71,24.92,105.01,87,Moderate,21.45,71.56,18.89,Dry,8.23,36.77
2026-03-21,SN-001,Batangas,13.77241,121.02809,2399.07,145.47,74.68,190.57,20.19,107,Unhealthy for Sensitive Groups,37.59,88.17,33.23,Optimal,6.54,76.76
2026-03-21,SN-002,Metro Manila,14.56538,120.92161,874.7,228.83,32.84,108.51,89.58,114,Unhealthy for Sensitive Groups,26.06,63.53,42.99,Wet,6.41,80.24
2026-03-21,SN-003,Pampanga,15.1761,120.59747,3226.93,23.11,129.23,195.91,78.99,106,Unhealthy for Sensitive Groups,35.99,54.17,33.86,Optimal,8.12,58.57
2026-03-21,SN-004,Bulacan,14.84333,120.84052,1948.36,34.31,220.49,89.35,50.73,98,Moderate,30.99,70.19,57.26,Wet,6.44,49.18
2026-03-21,SN-005,Pampanga,15.16884,120.55406,891.73,112.37,144.9,199.67,53.19,127,Unhealthy for Sensitive Groups,21.01,69.94,50.56,Wet,6.8,22.29
2026-03-21,SN-006,Pampanga,15.15867,120.53867,4025.85,84.02,269.03,130.12,132.79,153,Unhealthy,39.32,43.11,21.32,Optimal,6.02,56.95
2026-03-21,SN-007,Pampanga,15.16475,120.66711,2438.57,208.15,176.55,171.06,129.17,171,Unhealthy,30.15,58.43,8.79,Dry,8.46,25.58
2026-03-21,SN-008,Leyte,11.04576,124.75037,919.31,94.12,14.67,139.97,115.37,91,Moderate,24.59,63.54,36.15,Optimal,7.64,16.8
2026-03-21,SN-009,Leyte,10.9368,124.89435,1573.86,215.12,143.16,121.99,106.14,146,Unhealthy for Sensitive Groups,20.03,63.6,54.89,Wet,6.66,7.02
2026-03-21,SN-010,Cebu,10.28412,123.80402,1174.44,55.2,70.35,184.0,96.04,101,Unhealthy for Sensitive Groups,22.19,62.55,43.06,Wet,7.27,9.02
2026-03-21,SN-011,Iloilo,10.63519,122.61273,3308.54,81.2,280.89,104.08,94.06,140,Unhealthy for Sensitive Groups,21.44,48.09,23.93,Optimal,7.45,97.53
2026-03-21,SN-012,Cebu,10.34147,123.88109,2418.75,50.59,35.26,175.77,45.78,76,Moderate,36.53,53.7,51.45,Wet,8.17,48.93
2026-03-21,SN-013,Leyte,11.04218,124.81838,4101.77,188.6,164.35,77.83,120.66,137,Unhealthy for Sensitive Groups,30.94,43.11,36.91,Optimal,7.22,70.37
2026-03-21,SN-014,Iloilo,10.65425,122.63047,3130.63,10.58,194.47,119.04,35.89,89,Moderate,39.7,41.46,8.78,Dry,7.4,11.07
2026-03-21,SN-015,Misamis Oriental,8.42668,124.57912,1949.34,46.74,177.45,18.18,31.48,68,Moderate,22.47,45.74,28.31,Optimal,7.89,62.73
2026-03-21,SN-016,Davao del Sur,7.15227,125.47642,2670.61,17.73,176.85,194.68,83.26,118,Unhealthy for Sensitive Groups,34.28,50.32,58.79,Wet,6.74,62.79
2026-03-21,SN-017,Zamboanga del Sur,7.86636,123.42655,2310.24,80.44,9.44,168.15,133.72,97,Moderate,32.91,40.42,23.37,Optimal,7.74,60.15
2026-03-21,SN-018,Misamis Oriental,8.50377,124.61878,2799.98,3.65,54.59,171.77,23.71,63,Moderate,23.59,95.2,21.78,Optimal,7.32,97.97
2026-03-21,SN-019,Davao del Sur,7.28627,125.36913,4740.43,22.16,136.5,64.73,79.85,75,Moderate,26.51,86.09,34.99,Optimal,6.59,0.5
2026-03-21,SN-020,Davao del Sur,7.27648,125.39227,1135.33,207.69,39.01,74.06,24.19,86,Moderate,39.38,92.12,18.69,Dry,6.46,93.86
2026-03-22,SN-001,Batangas,13.77241,121.02809,2568.31,107.48,233.28,82.01,121.5,136,Unhealthy for Sensitive Groups,23.58,57.9,59.01,Wet,6.5,25.61
2026-03-22,SN-002,Metro Manila,14.56538,120.92161,4023.13,18.95,19.52,186.2,97.91,80,Moderate,35.94,93.28,28.2,Optimal,6.13,48.47
2026-03-22,SN-003,Pampanga,15.1761,120.59747,821.05,72.37,293.92,47.03,77.38,122,Unhealthy for Sensitive Groups,22.15,59.91,52.18,Wet,8.24,5.75
2026-03-22,SN-004,Bulacan,14.84333,120.84052,3616.21,53.81,218.22,10.84,115.18,99,Moderate,24.83,76.18,43.92,Wet,8.36,89.5
2026-03-22,SN-005,Pampanga,15.16884,120.55406,2015.31,25.71,79.48,129.68,27.71,65,Moderate,34.66,98.62,35.62,Optimal,6.85,69.56
2026-03-22,SN-006,Pampanga,15.15867,120.53867,412.62,29.09,2.63,108.83,70.87,52,Moderate,39.55,70.72,52.12,Wet,7.61,36.84
2026-03-22,SN-007,Pampanga,15.16475,120.66711,2283.73,149.77,264.96,100.77,76.53,148,Unhealthy for Sensitive Groups,33.25,92.15,55.4,Wet,8.39,89.81
2026-03-22,SN-008,Leyte,11.04576,124.75037,4207.64,47.65,82.7,47.97,85.84,66,Moderate,30.65,80.8,11.55,Dry,7.92,29.94
2026-03-22,SN-009,Leyte,10.9368,124.89435,2489.71,219.96,125.14,76.07,61.08,120,Unhealthy for Sensitive Groups,25.61,71.94,18.07,Dry,6.48,97.17
2026-03-22,SN-010,Cebu,10.28412,123.80402,1434.36,153.63,8.94,193.76,128.44,121,Unhealthy for Sensitive Groups,37.36,86.97,31.91,Optimal,7.15,64.22
2026-03-22,SN-011,Iloilo,10.63519,122.61273,4265.82,93.19,256.1,153.53,52.58,138,Unhealthy for Sensitive Groups,25.55,80.77,49.54,Wet,7.51,43.54
2026-03-22,SN-012,Cebu,10.34147,123.88109,3164.83,66.77,84.46,97.52,101.25,87,Moderate,25.22,81.84,48.49,Wet,6.86,72.43
2026-03-22,SN-013,Leyte,11.04218,124.81838,2231.24,223.68,91.99,32.54,111.56,114,Unhealthy for Sensitive Groups,37.27,65.05,10.87,Dry,7.5,16.25
2026-03-22,SN-014,Iloilo,10.65425,122.63047,4284.99,165.22,139.24,189.8,98.94,148,Unhealthy for Sensitive Groups,26.9,81.81,37.41,Optimal,8.21,13.37
2026-03-22,SN-015,Misamis Oriental,8.42668,124.57912,3462.9,13.21,220.68,135.0,148.66,129,Unhealthy for Sensitive Groups,34.96,99.96,51.71,Wet,7.16,67.41
2026-03-22,SN-016,Davao del Sur,7.15227,125.47642,2783.57,211.86,256.78,144.95,149.78,190,Unhealthy,25.53,92.1,49.76,Wet,8.04,83.17
2026-03-22,SN-017,Zamboanga del Sur,7.86636,123.42655,4060.43,6.35,221.15,47.99,99.49,93,Moderate,21.16,82.76,30.21,Optimal,8.22,57.08
2026-03-22,SN-018,Misamis Oriental,8.50377,124.61878,3900.65,81.98,210.02,52.99,82.11,106,Unhealthy for Sensitive Groups,24.49,68.12,36.24,Optimal,8.12,8.33
2026-03-22,SN-019,Davao del Sur,7.28627,125.36913,3435.13,51.03,178.91,96.57,60.81,96,Moderate,39.79,42.81,42.85,Wet,7.13,0.75
2026-03-22,SN-020,Davao del Sur,7.27648,125.39227,3400.52,37.63,111.71,54.01,62.85,66,Moderate,35.26,64.73,43.66,Wet,6.65,64.26
2026-03-23,SN-001,Batangas,13.77241,121.02809,4136.77,32.39,45.83,59.12,23.61,40,Good,27.4,55.28,9.3,Dry,7.56,53.27
2026-03-23,SN-002,Metro Manila,14.56538,120.92161,995.03,204.53,132.6,59.73,93.86,122,Unhealthy for Sensitive Groups,25.26,80.24,49.43,Wet,8.39,98.84
2026-03-23,SN-003,Pampanga,15.1761,120.59747,2380.4,158.24,165.6,59.41,27.77,102,Unhealthy for Sensitive Groups,30.88,88.65,42.32,Wet,6.97,22.93
2026-03-23,SN-004,Bulacan,14.84333,120.84052,1228.59,15.79,115.45,48.86,7.93,47,Good,23.67,87.81,12.98,Dry,6.38,75.08
2026-03-23,SN-005,Pampanga,15.16884,120.55406,4208.71,131.33,106.83,145.9,88.88,118,Unhealthy for Sensitive Groups,32.36,54.29,57.34,Wet,7.13,38.48
2026-03-23,SN-006,Pampanga,15.15867,120.53867,1794.18,158.69,284.33,163.55,97.63,176,Unhealthy,23.8,84.88,30.93,Optimal,7.39,62.9
2026-03-23,SN-007,Pampanga,15.16475,120.66711,1768.62,21.13,173.41,106.78,30.11,82,Moderate,36.18,53.92,12.03,Dry,8.13,87.17
2026-03-23,SN-008,Leyte,11.04576,124.75037,2552.54,176.1,168.1,122.54,75.28,135,Unhealthy for Sensitive Groups,34.9,75.31,31.49,Optimal,8.3,62.83
2026-03-23,SN-009,Leyte,10.9368,124.89435,4477.85,159.14,124.0,74.92,45.49,100,Moderate,36.06,64.88,17.91,Dry,6.66,74.81
2026-03-23,SN-010,Cebu,10.28412,123.80402,1183.66,135.24,154.36,117.31,144.73,137,Unhealthy for Sensitive Groups,37.62,41.05,50.51,Wet,7.79,43.59
2026-03-23,SN-011,Iloilo,10.63519,122.61273,952.7,130.02,9.88,148.96,75.07,90,Moderate,24.25,65.07,13.2,Dry,8.27,81.33
2026-03-23,SN-012,Cebu,10.34147,123.88109,1814.37,206.61,256.47,198.71,85.08,186,Unhealthy,29.65,59.85,30.77,Optimal,7.43,78.23
2026-03-23,SN-013,Leyte,11.04218,124.81838,2909.77,21.4,243.42,80.41,66.98,103,Unhealthy for Sensitive Groups,30.29,96.85,35.21,Optimal,8.38,99.39
2026-03-23,SN-014,Iloilo,10.65425,122.63047,2998.06,198.7,91.14,44.24,43.17,94,Moderate,31.9,46.97,25.53,Optimal,8.35,26.81
2026-03-23,SN-015,Misamis Oriental,8.42668,124.57912,4320.79,12.12,100.36,171.77,138.83,105,Unhealthy for Sensitive Groups,23.34,51.51,45.54,Wet,6.02,73.91
2026-03-23,SN-016,Davao del Sur,7.15227,125.47642,1509.24,42.01,104.86,123.88,15.62,71,Moderate,28.34,40.73,36.16,Optimal,8.37,72.13
2026-03-23,SN-017,Zamboanga del Sur,7.86636,123.42655,4257.8,200.82,170.57,41.33,3.82,104,Unhealthy for Sensitive Groups,23.08,88.61,19.35,Dry,6.62,69.14
2026-03-23,SN-018,Misamis Oriental,8.50377,124.61878,2524.17,136.2,236.85,53.6,60.45,121,Unhealthy for Sensitive Groups,29.08,89.16,51.0,Wet,6.09,17.46
2026-03-23,SN-019,Davao del Sur,7.28627,125.36913,1406.0,17.74,245.99,139.93,25.97,107,Unhealthy for Sensitive Groups,24.84,94.24,37.87,Optimal,7.78,24.42
2026-03-23,SN-020,Davao del Sur,7.27648,125.39227,2804.29,10.82,268.21,197.83,72.34,137,Unhealthy for Sensitive Groups,22.48,99.63,31.76,Optimal,7.25,76.33
2026-03-24,SN-001,Batangas,13.77241,121.02809,2212.56,128.56,199.35,196.95,57.97,145,Unhealthy for Sensitive Groups,32.89,57.98,12.02,Dry,7.29,49.86
2026-03-24,SN-002,Metro Manila,14.56538,120.92161,2760.3,81.72,299.74,149.18,15.24,136,Unhealthy for Sensitive Groups,24.74,61.47,36.64,Optimal,6.27,32.54
2026-03-24,SN-003,Pampanga,15.1761,120.59747,2358.0,195.23,174.58,133.88,50.35,138,Unhealthy for Sensitive Groups,26.7,67.86,33.75,Optimal,6.26,88.9
2026-03-24,SN-004,Bulacan,14.84333,120.84052,3558.7,22.73,26.18,19.2,30.8,24,Good,30.64,80.95,37.67,Optimal,7.03,57.75
2026-03-24,SN-005,Pampanga,15.16884,120.55406,1826.78,248.77,239.05,168.69,27.39,170,Unhealthy,21.01,46.78,45.09,Wet,8.2,55.55
2026-03-24,SN-006,Pampanga,15.15867,120.53867,1855.37,126.56,214.94,9.13,123.83,118,Unhealthy for Sensitive Groups,32.17,51.22,47.73,Wet,6.41,39.33
2026-03-24,SN-007,Pampanga,15.16475,120.66711,2926.48,12.52,153.82,51.61,147.81,91,Moderate,28.41,72.77,51.79,Wet,8.33,43.07
2026-03-24,SN-008,Leyte,11.04576,124.75037,1238.21,92.65,76.04,5.71,84.32,64,Moderate,28.82,98.18,22.83,Optimal,6.23,52.36
2026-03-24,SN-009,Leyte,10.9368,124.89435,1142.31,213.65,141.9,116.97,128.67,150,Unhealthy for Sensitive Groups,35.77,98.56,6.76,Dry,6.5,67.54
2026-03-24,SN-010,Cebu,10.28412,123.80402,3839.59,35.86,179.37,46.16,68.0,82,Moderate,31.15,54.26,25.36,Optimal,6.21,96.93
2026-03-24,SN-011,Iloilo,10.63519,122.61273,2946.42,130.89,104.68,78.83,86.46,100,Moderate,30.65,65.03,21.75,Optimal,6.36,83.37
2026-03-24,SN-012,Cebu,10.34147,123.88109,1660.18,102.83,242.26,104.74,9.71,114,Unhealthy for Sensitive Groups,28.47,95.13,48.46,Wet,7.42,52.2
2026-03-24,SN-013,Leyte,11.04218,124.81838,862.93,217.87,233.69,133.28,62.72,161,Unhealthy,25.59,41.51,46.11,Wet,6.05,72.01
2026-03-24,SN-014,Iloilo,10.65425,122.63047,1327.55,81.14,6.91,20.54,101.1,52,Moderate,38.57,73.84,56.34,Wet,8.21,50.52
2026-03-24,SN-015,Misamis Oriental,8.42668,124.57912,2851.93,132.07,222.62,180.74,54.57,147,Unhealthy for Sensitive Groups,21.34,92.08,40.1,Wet,6.65,86.57
2026-03-24,SN-016,Davao del Sur,7.15227,125.47642,1606.64,8.75,149.63,12.9,64.5,58,Moderate,36.64,80.05,50.53,Wet,8.26,22.68
2026-03-24,SN-017,Zamboanga del Sur,7.86636,123.42655,458.39,154.68,98.85,147.14,31.14,107,Unhealthy for Sensitive Groups,36.23,47.03,49.9,Wet,7.37,4.23
2026-03-24,SN-018,Misamis Oriental,8.50377,124.61878,3825.81,118.92,278.56,163.99,94.75,164,Unhealthy,23.18,52.5,45.01,Wet,8.2,55.77
2026-03-24,SN-019,Davao del Sur,7.28627,125.36913,1940.22,105.39,190.52,1.57,117.39,103,Unhealthy for Sensitive Groups,33.26,89.97,28.65,Optimal,7.43,91.99
2026-03-24,SN-020,Davao del Sur,7.27648,125.39227,2433.5,191.35,12.65,51.93,145.58,100,Moderate,21.99,49.38,46.06,Wet,7.69,98.44
2026-03-25,SN-001,Batangas,13.77241,121.02809,4534.18,216.89,82.05,97.9,139.17,134,Unhealthy for Sensitive Groups,30.21,78.5,47.64,Wet,7.2,1.23
2026-03-25,SN-002,Metro Manila,14.56538,120.92161,3593.65,136.02,0.37,54.0,76.81,66,Moderate,33.3,45.98,5.61,Dry,6.01,7.49
2026-03-25,SN-003,Pampanga,15.1761,120.59747,2521.61,131.56,87.17,88.12,97.68,101,Unhealthy for Sensitive Groups,30.48,90.26,6.36,Dry,7.52,37.45
2026-03-25,SN-004,Bulacan,14.84333,120.84052,876.36,78.72,271.86,155.51,50.1,139,Unhealthy for Sensitive Groups,26.54,56.23,46.16,Wet,6.12,70.38
2026-03-25,SN-005,Pampanga,15.16884,120.55406,4398.51,249.81,177.59,47.63,108.32,145,Unhealthy for Sensitive Groups,34.49,48.47,56.79,Wet,6.75,54.6
2026-03-25,SN-006,Pampanga,15.15867,120.53867,2210.76,150.57,256.85,194.41,146.54,187,Unhealthy,31.22,92.52,58.93,Wet,6.77,61.01
2026-03-25,SN-007,Pampanga,15.16475,120.66711,4797.78,26.55,270.74,164.2,119.84,145,Unhealthy for Sensitive Groups,36.97,55.22,21.35,Optimal,6.39,80.63
2026-03-25,SN-008,Leyte,11.04576,124.75037,2351.06,86.09,244.31,107.97,76.92,128,Unhealthy for Sensitive Groups,30.43,72.89,50.34,Wet,7.53,64.67
2026-03-25,SN-009,Leyte,10.9368,124.89435,3229.8,1.84,269.56,150.03,90.59,128,Unhealthy for Sensitive Groups,28.03,95.6,45.41,Wet,8.48,8.02
2026-03-25,SN-010,Cebu,10.28412,123.80402,4537.16,25.37,13.93,139.37,90.5,67,Moderate,37.58,56.31,19.15,Dry,6.23,44.12
2026-03-25,SN-011,Iloilo,10.63519,122.61273,3799.89,137.85,150.72,2.81,9.99,75,Moderate,34.72,67.12,49.44,Wet,6.73,1.39
2026-03-25,SN-012,Cebu,10.34147,123.88109,4074.11,12.1,283.98,31.13,67.5,98,Moderate,24.4,81.96,36.07,Optimal,8.11,4.71
2026-03-25,SN-013,Leyte,11.04218,124.81838,4995.76,124.56,274.2,115.27,38.41,138,Unhealthy for Sensitive Groups,33.37,90.61,45.2,Wet,7.57,38.9
2026-03-25,SN-014,Iloilo,10.65425,122.63047,2956.03,183.96,228.64,153.22,0.09,141,Unhealthy for Sensitive Groups,21.8,94.19,16.79,Dry,8.43,78.18
2026-03-25,SN-015,Misamis Oriental,8.42668,124.57912,1146.94,54.39,272.84,115.3,32.61,118,Unhealthy for Sensitive Groups,20.83,83.83,11.76,Dry,6.42,52.38
2026-03-25,SN-016,Davao del Sur,7.15227,125.47642,1506.88,175.73,120.15,58.19,6.92,90,Moderate,32.51,42.26,44.63,Wet,8.02,73.6
2026-03-25,SN-017,Zamboanga del Sur,7.86636,123.42655,3426.15,85.24,171.54,146.8,145.37,137,Unhealthy for Sensitive Groups,22.59,68.47,43.64,Wet,6.41,72.08
2026-03-25,SN-018,Misamis Oriental,8.50377,124.61878,1773.01,226.34,272.63,135.73,19.45,163,Unhealthy,28.77,44.6,5.39,Dry,7.69,27.01
2026-03-25,SN-019,Davao del Sur,7.28627,125.36913,1493.13,228.98,269.48,22.76,108.09,157,Unhealthy,24.23,79.71,22.27,Optimal,7.17,35.04
2026-03-25,SN-020,Davao del Sur,7.27648,125.39227,3549.78,215.85,144.79,71.66,20.06,113,Unhealthy for Sensitive Groups,21.15,82.54,37.06,Optimal,7.21,65.17
2026-03-26,SN-001,Batangas,13.77241,121.02809,1099.42,120.63,190.93,153.23,6.4,117,Unhealthy for Sensitive Groups,26.97,61.73,22.68,Optimal,7.53,27.48
2026-03-26,SN-002,Metro Manila,14.56538,120.92161,3424.11,193.11,96.11,2.68,120.88,103,Unhealthy for Sensitive Groups,32.48,83.18,30.67,Optimal,7.82,13.15
2026-03-26,SN-003,Pampanga,15.1761,120.59747,1336.83,115.76,129.33,21.6,131.37,99,Moderate,32.88,80.46,48.56,Wet,7.6,32.67
2026-03-26,SN-004,Bulacan,14.84333,120.84052,3314.32,124.5,90.9,121.82,139.27,119,Unhealthy for Sensitive Groups,35.81,82.28,35.18,Optimal,6.68,41.24
2026-03-26,SN-005,Pampanga,15.16884,120.55406,2857.43,226.87,231.78,138.09,76.68,168,Unhealthy,27.26,50.57,34.46,Optimal,8.34,57.47
2026-03-26,SN-006,Pampanga,15.15867,120.53867,1345.29,245.69,160.86,171.68,65.2,160,Unhealthy,35.38,88.89,26.37,Optimal,6.36,98.59
2026-03-26,SN-007,Pampanga,15.16475,120.66711,4583.18,202.52,75.79,37.49,143.43,114,Unhealthy for Sensitive Groups,25.17,72.82,12.35,Dry,6.99,46.61
2026-03-26,SN-008,Leyte,11.04576,124.75037,3983.88,165.18,71.47,130.44,149.07,129,Unhealthy for Sensitive Groups,20.57,47.09,7.83,Dry,8.22,30.59
2026-03-26,SN-009,Leyte,10.9368,124.89435,3649.09,161.76,42.71,107.46,103.71,103,Unhealthy for Sensitive Groups,33.16,79.28,28.49,Optimal,6.22,32.22
2026-03-26,SN-010,Cebu,10.28412,123.80402,2071.36,47.68,222.01,61.74,144.55,118,Unhealthy for Sensitive Groups,20.62,62.37,36.59,Optimal,6.59,42.0
2026-03-26,SN-011,Iloilo,10.63519,122.61273,2187.67,149.18,255.66,98.87,104.94,152,Unhealthy,30.31,60.28,55.37,Wet,6.82,18.32
2026-03-26,SN-012,Cebu,10.34147,123.88109,2476.86,135.35,117.67,190.7,23.33,116,Unhealthy for Sensitive Groups,34.63,60.28,39.21,Optimal,6.41,31.73
2026-03-26,SN-013,Leyte,11.04218,124.81838,4017.69,105.11,26.83,88.44,94.59,78,Moderate,36.39,50.14,41.05,Wet,8.1,77.7
2026-03-26,SN-014,Iloilo,10.65425,122.63047,650.45,12.0,196.27,78.96,47.71,83,Moderate,26.96,80.02,59.08,Wet,7.47,24.97
2026-03-26,SN-015,Misamis Oriental,8.42668,124.57912,4127.48,42.26,69.81,68.82,126.93,76,Moderate,32.65,48.79,50.44,Wet,6.27,64.16
2026-03-26,SN-016,Davao del Sur,7.15227,125.47642,2660.76,212.82,288.8,92.36,88.79,170,Unhealthy,23.41,85.39,52.53,Wet,7.93,94.02
2026-03-26,SN-017,Zamboanga del Sur,7.86636,123.42655,4670.42,155.69,48.05,60.69,22.68,71,Moderate,27.69,48.04,53.52,Wet,7.99,31.17
2026-03-26,SN-018,Misamis Oriental,8.50377,124.61878,717.71,200.15,191.1,143.58,107.35,160,Unhealthy,20.21,79.71,7.76,Dry,6.84,69.83
2026-03-26,SN-019,Davao del Sur,7.28627,125.36913,3548.39,221.58,42.25,127.98,45.53,109,Unhealthy for Sensitive Groups,36.78,96.52,54.76,Wet,7.35,40.3
2026-03-26,SN-020,Davao del Sur,7.27648,125.39227,761.01,56.4,230.41,72.79,66.94,106,Unhealthy for Sensitive Groups,28.82,63.91,49.31,Wet,7.63,85.6
2026-03-27,SN-001,Batangas,13.77241,121.02809,3557.63,137.49,39.81,188.9,4.24,92,Moderate,37.93,66.71,47.93,Wet,7.32,98.13
2026-03-27,SN-002,Metro Manila,14.56538,120.92161,4848.61,128.78,44.03,112.3,129.62,103,Unhealthy for Sensitive Groups,35.25,63.9,14.23,Dry,8.42,50.26
2026-03-27,SN-003,Pampanga,15.1761,120.59747,4162.21,178.81,167.97,124.44,92.67,140,Unhealthy for Sensitive Groups,20.99,40.56,10.78,Dry,6.15,94.05
2026-03-27,SN-004,Bulacan,14.84333,120.84052,4429.06,41.15,96.63,51.41,93.76,70,Moderate,21.08,45.11,32.24,Optimal,6.85,38.69
2026-03-27,SN-005,Pampanga,15.16884,120.55406,469.68,78.61,33.49,196.88,6.76,78,Moderate,36.3,60.17,27.82,Optimal,6.16,88.11
2026-03-27,SN-006,Pampanga,15.15867,120.53867,1608.06,40.08,72.38,118.0,53.61,71,Moderate,38.5,97.92,58.94,Wet,7.8,41.86
2026-03-27,SN-007,Pampanga,15.16475,120.66711,3656.26,63.15,173.68,193.95,7.69,109,Unhealthy for Sensitive Groups,21.23,71.38,51.83,Wet,6.76,34.34
2026-03-27,SN-008,Leyte,11.04576,124.75037,1089.26,235.21,145.51,10.62,91.68,120,Unhealthy for Sensitive Groups,26.88,75.58,58.12,Wet,6.22,59.46
2026-03-27,SN-009,Leyte,10.9368,124.89435,2987.59,40.37,107.12,128.71,31.41,76,Moderate,34.76,49.8,36.7,Optimal,6.6,5.66
2026-03-27,SN-010,Cebu,10.28412,123.80402,4257.54,123.33,187.75,151.1,53.11,128,Unhealthy for Sensitive Groups,32.53,47.05,53.15,Wet,6.07,54.07
2026-03-27,SN-011,Iloilo,10.63519,122.61273,513.47,226.6,263.52,44.81,108.29,160,Unhealthy,24.62,73.09,18.57,Dry,6.56,63.01
2026-03-27,SN-012,Cebu,10.34147,123.88109,4371.62,4.9,274.92,77.35,30.89,97,Moderate,26.5,97.4,47.87,Wet,7.87,67.2
2026-03-27,SN-013,Leyte,11.04218,124.81838,4739.16,156.31,97.91,58.14,43.05,88,Moderate,21.69,77.23,10.91,Dry,6.76,15.7
2026-03-27,SN-014,Iloilo,10.65425,122.63047,828.68,168.58,94.61,26.48,33.63,80,Moderate,33.66,78.79,10.27,Dry,6.4,98.06
2026-03-27,SN-015,Misamis Oriental,8.42668,124.57912,3235.63,18.69,115.97,172.74,130.73,109,Unhealthy for Sensitive Groups,28.11,54.76,43.9,Wet,6.55,11.31
2026-03-27,SN-016,Davao del Sur,7.15227,125.47642,4948.31,38.92,242.19,0.68,51.21,83,Moderate,39.63,84.21,30.16,Optimal,7.46,59.38
2026-03-27,SN-017,Zamboanga del Sur,7.86636,123.42655,3632.27,42.87,193.18,121.32,48.66,101,Unhealthy for Sensitive Groups,31.0,66.59,37.6,Optimal,7.66,20.43
2026-03-27,SN-018,Misamis Oriental,8.50377,124.61878,3119.74,231.81,57.38,28.53,67.98,96,Moderate,21.5,80.2,39.25,Optimal,7.17,42.61
2026-03-27,SN-019,Davao del Sur,7.28627,125.36913,4226.61,174.55,285.31,162.28,1.25,155,Unhealthy,22.92,86.96,41.94,Wet,7.51,61.38
2026-03-27,SN-020,Davao del Sur,7.27648,125.39227,948.94,74.15,58.88,127.95,13.41,68,Moderate,21.72,52.1,36.02,Optimal,6.5,73.48
2026-03-28,SN-001,Batangas,13.77241,121.02809,3131.81,240.98,43.83,108.21,50.67,110,Unhealthy for Sensitive Groups,20.05,97.87,23.52,Optimal,8.34,90.49
2026-03-28,SN-002,Metro Manila,14.56538,120.92161,2921.84,22.38,192.66,65.48,56.47,84,Moderate,20.7,57.1,59.06,Wet,7.42,81.23
2026-03-28,SN-003,Pampanga,15.1761,120.59747,1265.75,200.39,76.42,161.7,87.63,131,Unhealthy for Sensitive Groups,20.21,66.06,59.66,Wet,7.78,80.45
2026-03-28,SN-004,Bulacan,14.84333,120.84052,1144.75,143.33,254.52,180.81,76.21,163,Unhealthy,37.37,50.33,9.31,Dry,8.35,94.87
2026-03-28,SN-005,Pampanga,15.16884,120.55406,3574.44,152.9,111.14,124.02,46.88,108,Unhealthy for Sensitive Groups,34.25,80.76,56.98,Wet,6.64,84.24
2026-03-28,SN-006,Pampanga,15.15867,120.53867,4696.83,152.6,291.98,167.03,32.63,161,Unhealthy,34.78,85.0,24.96,Optimal,6.47,92.48
2026-03-28,SN-007,Pampanga,15.16475,120.66711,1527.99,231.69,173.15,135.5,70.66,152,Unhealthy,21.76,68.95,50.35,Wet,7.99,57.42
2026-03-28,SN-008,Leyte,11.04576,124.75037,642.5,163.31,54.49,145.09,47.27,102,Unhealthy for Sensitive Groups,35.64,52.69,38.75,Optimal,6.81,22.41
2026-03-28,SN-009,Leyte,10.9368,124.89435,3726.8,204.6,126.05,108.41,143.35,145,Unhealthy for Sensitive Groups,21.45,82.79,43.29,Wet,7.67,93.66
2026-03-28,SN-010,Cebu,10.28412,123.80402,2943.84,45.11,289.88,143.02,85.64,140,Unhealthy for Sensitive Groups,22.63,93.54,18.19,Dry,8.44,17.5
2026-03-28,SN-011,Iloilo,10.63519,122.61273,4404.68,8.29,299.87,13.28,51.86,93,Moderate,35.35,51.49,20.86,Optimal,8.24,73.67
2026-03-28,SN-012,Cebu,10.34147,123.88109,800.54,179.13,227.4,173.0,106.75,171,Unhealthy,31.59,86.91,43.25,Wet,7.84,9.62
2026-03-28,SN-013,Leyte,11.04218,124.81838,436.53,179.54,94.36,181.61,116.73,143,Unhealthy for Sensitive Groups,37.13,65.67,44.83,Wet,6.59,88.29
2026-03-28,SN-014,Iloilo,10.65425,122.63047,986.54,167.01,246.21,177.77,91.05,170,Unhealthy,29.99,51.62,43.47,Wet,6.44,57.47
2026-03-28,SN-015,Misamis Oriental,8.42668,124.57912,623.76,157.22,202.4,97.88,91.52,137,Unhealthy for Sensitive Groups,35.11,94.26,38.69,Optimal,6.39,5.27
2026-03-28,SN-016,Davao del Sur,7.15227,125.47642,3331.25,248.91,99.54,91.33,23.79,115,Unhealthy for Sensitive Groups,34.1,49.03,45.23,Wet,8.14,4.97
2026-03-28,SN-017,Zamboanga del Sur,7.86636,123.42655,683.37,44.88,211.84,104.33,70.11,107,Unhealthy for Sensitive Groups,34.34,41.35,10.06,Dry,7.29,74.07
2026-03-28,SN-018,Misamis Oriental,8.50377,124.61878,710.8,49.51,176.48,23.85,80.46,82,Moderate,25.33,94.45,31.5,Optimal,6.48,41.99
2026-03-28,SN-019,Davao del Sur,7.28627,125.36913,1388.57,244.48,146.4,66.7,24.78,120,Unhealthy for Sensitive Groups,24.56,70.24,18.7,Dry,8.02,57.64
2026-03-28,SN-020,Davao del Sur,7.27648,125.39227,3090.93,126.94,5.19,17.19,82.19,57,Moderate,34.26,76.3,38.05,Optimal,7.95,83.78
2026-03-29,SN-001,Batangas,13.77241,121.02809,1513.75,180.96,36.44,62.46,120.77,100,Moderate,21.23,83.24,34.01,Optimal,7.4,48.18
2026-03-29,SN-002,Metro Manila,14.56538,120.92161,1486.88,215.25,89.91,144.95,10.57,115,Unhealthy for Sensitive Groups,25.48,91.89,25.93,Optimal,6.54,35.15
2026-03-29,SN-003,Pampanga,15.1761,120.59747,2355.87,207.27,192.39,81.53,34.83,129,Unhealthy for Sensitive Groups,33.2,98.56,32.42,Optimal,8.4,32.08
2026-03-29,SN-004,Bulacan,14.84333,120.84052,2016.01,144.72,234.06,118.95,9.34,126,Unhealthy for Sensitive Groups,30.96,42.13,58.43,Wet,7.84,78.01
2026-03-29,SN-005,Pampanga,15.16884,120.55406,4631.58,8.0,191.64,164.62,81.53,111,Unhealthy for Sensitive Groups,39.29,71.29,33.51,Optimal,6.25,65.67
2026-03-29,SN-006,Pampanga,15.15867,120.53867,1212.68,165.33,89.65,115.91,69.8,110,Unhealthy for Sensitive Groups,35.97,75.19,36.36,Optimal,7.06,34.73
2026-03-29,SN-007,Pampanga,15.16475,120.66711,1869.99,15.43,80.04,144.23,145.75,96,Moderate,31.58,90.37,42.67,Wet,6.03,11.73
2026-03-29,SN-008,Leyte,11.04576,124.75037,4776.44,246.97,233.92,121.05,107.21,177,Unhealthy,39.44,97.2,58.46,Wet,6.25,89.5
2026-03-29,SN-009,Leyte,10.9368,124.89435,1013.07,81.19,22.18,183.91,35.82,80,Moderate,32.47,54.05,35.88,Optimal,6.25,43.64
2026-03-29,SN-010,Cebu,10.28412,123.80402,1400.78,1.77,62.24,97.27,70.53,57,Moderate,24.58,83.87,59.98,Wet,7.39,50.34
2026-03-29,SN-011,Iloilo,10.63519,122.61273,3554.85,29.33,229.02,131.26,142.44,133,Unhealthy for Sensitive Groups,31.08,43.99,32.67,Optimal,6.39,42.11
2026-03-29,SN-012,Cebu,10.34147,123.88109,1097.06,130.4,199.1,77.53,47.4,113,Unhealthy for Sensitive Groups,39.47,40.29,36.79,Optimal,7.68,38.91
2026-03-29,SN-013,Leyte,11.04218,124.81838,2322.69,113.5,103.14,12.57,84.81,78,Moderate,35.87,99.05,11.72,Dry,7.16,58.87
2026-03-29,SN-014,Iloilo,10.65425,122.63047,4235.03,59.61,182.5,97.57,75.59,103,Unhealthy for Sensitive Groups,29.52,59.39,19.3,Dry,7.82,42.08
2026-03-29,SN-015,Misamis Oriental,8.42668,124.57912,1354.73,200.62,185.97,116.49,63.88,141,Unhealthy for Sensitive Groups,24.58,59.91,43.29,Wet,6.82,0.09
2026-03-29,SN-016,Davao del Sur,7.15227,125.47642,2914.26,224.61,170.72,14.5,25.72,108,Unhealthy for Sensitive Groups,39.78,66.88,50.43,Wet,7.22,96.35
2026-03-29,SN-017,Zamboanga del Sur,7.86636,123.42655,3898.91,3.01,93.12,60.76,105.6,65,Moderate,30.68,96.62,10.29,Dry,7.17,83.87
2026-03-29,SN-018,Misamis Oriental,8.50377,124.61878,1198.31,42.64,221.95,54.4,28.08,86,Moderate,33.95,40.05,55.08,Wet,6.34,91.41
2026-03-29,SN-019,Davao del Sur,7.28627,125.36913,1232.19,194.98,179.23,157.72,23.43,138,Unhealthy for Sensitive Groups,32.08,96.38,51.72,Wet,7.7,36.88
2026-03-29,SN-020,Davao del Sur,7.27648,125.39227,4170.64,220.02,17.53,47.08,99.58,96,Moderate,35.38,99.56,5.05,Dry,7.04,62.38
2026-03-30,SN-001,Batangas,13.77241,121.02809,1320.19,148.25,268.3,12.87,144.33,143,Unhealthy for Sensitive Groups,33.69,99.73,30.69,Optimal,6.92,80.55
2026-03-30,SN-002,Metro Manila,14.56538,120.92161,641.5,195.17,92.32,35.22,109.83,108,Unhealthy for Sensitive Groups,20.04,53.79,26.37,Optimal,7.96,66.37
2026-03-30,SN-003,Pampanga,15.1761,120.59747,2821.66,172.99,192.83,153.33,134.65,163,Unhealthy,20.62,92.11,8.55,Dry,6.21,14.92
2026-03-30,SN-004,Bulacan,14.84333,120.84052,1459.81,170.74,3.79,131.48,54.91,90,Moderate,20.52,71.41,57.35,Wet,6.41,48.8
2026-03-30,SN-005,Pampanga,15.16884,120.55406,4160.02,49.99,208.8,126.56,84.03,117,Unhealthy for Sensitive Groups,39.51,65.33,25.02,Optimal,6.99,67.33
2026-03-30,SN-006,Pampanga,15.15867,120.53867,4510.99,176.65,49.69,113.82,61.3,100,Moderate,31.2,74.6,18.34,Dry,7.42,37.28
2026-03-30,SN-007,Pampanga,15.16475,120.66711,4974.5,110.37,274.47,102.08,79.95,141,Unhealthy for Sensitive Groups,38.28,88.74,5.7,Dry,6.84,61.7
2026-03-30,SN-008,Leyte,11.04576,124.75037,4074.36,18.15,82.84,108.98,119.87,82,Moderate,39.47,66.07,26.35,Optimal,7.63,65.91
2026-03-30,SN-009,Leyte,10.9368,124.89435,1524.2,150.16,249.52,95.64,61.01,139,Unhealthy for Sensitive Groups,29.72,43.07,36.89,Optimal,6.61,44.99
2026-03-30,SN-010,Cebu,10.28412,123.80402,3278.18,232.99,103.22,39.12,81.45,114,Unhealthy for Sensitive Groups,39.64,54.16,41.2,Wet,6.46,30.57
2026-03-30,SN-011,Iloilo,10.63519,122.61273,4792.99,84.45,57.68,73.14,77.18,73,Moderate,20.29,41.32,50.29,Wet,6.89,29.64
2026-03-30,SN-012,Cebu,10.34147,123.88109,3586.17,25.98,73.75,134.73,122.16,89,Moderate,23.73,89.75,19.38,Dry,7.42,87.11
2026-03-30,SN-013,Leyte,11.04218,124.81838,1259.42,172.14,83.86,124.31,85.41,116,Unhealthy for Sensitive Groups,21.91,51.93,49.82,Wet,6.25,47.39
2026-03-30,SN-014,Iloilo,10.65425,122.63047,4825.29,25.98,185.92,179.5,26.21,104,Unhealthy for Sensitive Groups,28.53,42.28,30.95,Optimal,7.41,1.08
2026-03-30,SN-015,Misamis Oriental,8.42668,124.57912,3519.9,108.45,33.09,104.82,67.24,78,Moderate,21.41,51.11,21.33,Optimal,7.94,32.66
2026-03-30,SN-016,Davao del Sur,7.15227,125.47642,1184.93,247.96,174.33,30.41,120.18,143,Unhealthy for Sensitive Groups,30.77,94.95,16.19,Dry,7.24,16.37
2026-03-30,SN-017,Zamboanga del Sur,7.86636,123.42655,3747.26,218.43,254.62,50.05,91.26,153,Unhealthy,33.75,88.65,26.55,Optimal,7.65,21.93
2026-03-30,SN-018,Misamis Oriental,8.50377,124.61878,1656.54,68.88,168.71,29.28,13.26,70,Moderate,35.78,79.79,37.41,Optimal,8.35,31.83
2026-03-30,SN-019,Davao del Sur,7.28627,125.36913,2362.51,184.74,35.8,90.75,31.85,85,Moderate,38.46,99.76,14.84,Dry,7.13,15.83
2026-03-30,SN-020,Davao del Sur,7.27648,125.39227,3575.72,133.86,72.27,0.76,84.19,72,Moderate,34.93,43.09,46.33,Wet,7.17,50.27
